MONTH_FORECAST;ECO_COD;VALUE_FORECAST
202601;236_020_0040_0800000000008;4511.0
202601;236_020_0040_1000000000097;8569.95
202601;236_020_0040_1000000000120;5863.65
202601;236_020_0040_1000000000152;902.1
202601;236_020_0040_1000000000159;1804.2
202601;236_020_0040_1000000005110;11727.3
202601;236_020_0040_1000000005111;4510.5
202601;236_020_0040_10C1000000709;5145.45
202601;236_020_0040_10C3000000035;589830.49
202601;236_020_0040_10C3000000044;210495.63
202601;236_020_0040_10C3000000311;112264.34
202601;236_020_0040_10C3000000312;135652.74
202601;236_020_0040_10C3000000413;46776.81
202601;236_020_0040_10C3000009407;145008.1
202601;236_020_0040_10P1000000101;7667.85
202601;236_020_0040_1200000000017;28867.2
202601;236_020_0040_2200000000017;-220107.0
202601;236_020_0040_2200000000217;-45370.0
202601;236_020_0040_2200000001017;-130649.0
202601;236_020_0040_22D5000005100;-21238.0
202601;236_020_0043_0800000000405;-1804.2
202601;236_020_0043_1000000000010;24356.7
202601;236_020_0043_1000000000061;180.42
202601;236_020_0043_1000000000119;32024.55
202601;236_020_0043_1000000000120;23454.6
202601;236_020_0043_1000000000159;21650.4
202601;236_020_0043_1000000000240;335154.07
202601;236_020_0043_1000000000385;225.53
202601;236_020_0043_1000000000440;8.33333333333333e-05
202601;236_020_0043_10C1000000709;19846.190000000002
202601;236_020_0043_10C3000000301;1453.87
202601;236_020_0043_10C3000000307;79046.310053
202601;236_020_0043_10C3000000308;47246.070374
202601;236_020_0043_10C3000000311;4997.18
202601;236_020_0043_10C3000000312;8177.2
202601;236_020_0043_10C3000000412;215787.3406652
202601;236_020_0043_10C3000000413;48154.6486527
202601;236_020_0043_1200000000017;36084.0
202601;236_020_0043_22D5000000161;-2100.0
202601;236_020_0043_2300000000014;-1560.0
202601;236_020_0043_2300000000015;-63547.0
202601;236_020_0043_2300000000032;-6301.74
202601;236_020_0043_2300000000110;-167587.0
202601;236_020_0043_2300000005214;-13531.5
202601;236_020_0045_1000000000042;91666.67
202601;236_020_0045_1000000000059;14000.0
202601;236_020_0045_1000000000273;59926.17
202601;236_020_0045_1000000000350;1083.33333333333
202601;236_020_0045_1000000000476;3000.0
202601;236_020_0045_1000000000726;125.0
202601;236_020_0045_10P1000000193;83.33
202601;236_020_0045_2200000004608;-568.67
202601;236_020_0045_2200000009030;-36800.0
202601;236_020_0045_2200000009031;-52065.0
202601;236_020_0045_22D5000000003;-850.0
202601;236_020_0045_22D5000000004;-750.0
202601;236_020_0045_22D5000000458;-3583.33333
202601;236_020_0045_22F2000000065;8.33333333333333e-05
202601;236_020_0050_10B4000000015;8.33333333333333e-05
202601;236_020_0050_10B4000000016;-5833.33
202601;236_020_0050_10B4000000027;2916.67
202601;236_020_0050_10B4000001040;11500.0
202601;236_020_0050_10B4000001041;120632.69
202601;236_020_0050_10B4000001048;71412.0
202601;236_020_0050_10B4000001055;99350.0
202601;236_020_0050_10B4000001057;1466758.76
202601;236_020_0050_10B4000001059;1917192.17
202601;236_020_0050_10B4000001060;53108.01
202601;236_020_0050_10B4000001067;-109779.44
202601;236_020_0050_10B4000001069;-281330.66
202601;236_020_0050_10D5000000016;10541.67
202601;236_020_0050_10D5000000264;15312.0
202601;236_020_0050_10D5000000566;31873.0
202601;236_020_0050_10D5000007307;6555.0
202601;236_020_0050_22D5000009482;-18997.26027
202601;236_020_0050_2300000000029;-6428.6
202601;236_020_0050_2300000000030;-42668.42
202601;236_020_0055_GP;534610.535661177
202601;236_020_0060_1000000000505;8.33333333333333e-05
202601;236_020_0060_10B4000000009;222.07
202601;236_020_0060_10B4000000012;62.5
202601;236_020_0060_10B4000000018;68175.68
202601;236_020_0060_10B4000000019;65502.13
202601;236_020_0060_10B4000000020;21150.0
202601;236_020_0060_10B4000000103;51165.19
202601;236_020_0060_10B4000000105;64915.2
202601;236_020_0060_10B4000000107;21735.0
202601;236_020_0060_10B4000000111;81086.65
202601;236_020_0060_10B4000000112;152340.6
202601;236_020_0060_10B4000000279;731560.12
202601;236_020_0060_10B4000000281;5833.0
202601;236_020_0060_10B4000001181;152628.57
202601;236_020_0060_10B4000001189;10000.0
202601;236_020_0060_10B4000001190;1750.0
202601;236_020_0060_10B4000001192;244901.16
202601;236_020_0060_10B4000001197;105319.44
202601;236_020_0060_10B4000001200;208.0
202601;236_020_0060_10B4000002185;10833.0
202601;236_020_0060_10B4000005178;24166.11
202601;236_020_0060_10B4ASS002930;-13333.0
202601;236_020_0060_2200000000011;-5287.0
202601;236_020_0060_2300000000033;-29010.0
202601;236_020_0065_1000000000303;8333.33
202601;236_020_0065_1000000000427;1250.0
202601;236_020_0065_10B4000000004;381970.72
202601;236_020_0065_10B4000000005;452716.92
202601;236_020_0065_10B4000000013;-12500.0
202601;236_020_0065_10B4000000014;-6666.67
202601;236_020_0065_10B4000001067;109779.44
202601;236_020_0065_10B4000001069;281330.66
202601;236_020_0065_10B4000001640;-1666.67
202601;236_020_0065_2300000000036;-11173.14
202601;236_020_0065_2300000000084;8.33333333333333e-05
202601;236_020_0065_2500000000013;7500.0
202601;236_020_0065_2500000001013;1250.0
202601;236_020_0070_0800000000021;6583.333333
202601;236_020_0070_0800000000025;-19761.0
202601;236_020_0070_0800000000030;18044.0
202601;236_020_0070_0800000000432;270517.0
202601;236_020_0070_0800000000442;-16666.6666666667
202601;236_020_0070_0800000001378;3249.0
202601;236_020_0070_0800000002378;69750.0
202601;236_020_0070_0800000003378;62750.0
202601;236_020_0070_1000000000251;1250.0
202601;236_020_0070_1000000000363;5000.0
202601;236_020_0070_2811000000644;-1275.00001341105
202601;236_040_0110_1000000000011;15250.0
202601;236_040_0110_1000000000012;330.0
202601;236_040_0110_1000000000053;392058.0
202601;236_040_0110_1000000000060;23471.0
202601;236_040_0110_1000000000078;4310.0
202601;236_040_0110_1000000000081;7702.0
202601;236_040_0110_1000000000082;37889.0
202601;236_040_0110_1000000000083;70459.0
202601;236_040_0110_1000000000084;65718.0
202601;236_040_0110_1000000000128;73393.0
202601;236_040_0110_1000000000167;568162.0
202601;236_040_0110_1000000000188;1483.0
202601;236_040_0110_1000000000200;50978.0
202601;236_040_0110_1000000000220;32000.0
202601;236_040_0110_1000000000221;209372.0
202601;236_040_0110_1000000000271;19336.0
202601;236_040_0110_1000000000299;1042.0
202601;236_040_0110_1000000000301;326651.0
202601;236_040_0110_1000000000306;87295.0
202601;236_040_0110_1000000000332;6188.0
202601;236_040_0110_1000000000409;8675.0
202601;236_040_0110_1000000000410;8681.0
202601;236_040_0110_1000000000434;257733.0
202601;236_040_0110_1000000000465;307.0
202601;236_040_0110_1000000000597;57576.0
202601;236_040_0110_2200000000060;-13233.0
202601;236_040_0110_2200000000095;-53040.0
202601;236_040_0110_2200000000100;-2315.0
202601;236_040_0110_2200000000220;-31130.0
202601;236_040_0110_2200000000606;-1662.0
202601;236_040_0110_2200000000615;-29.0
202601;236_040_0110_2200000000616;-3103.0
202601;236_040_0110_2500000000012;25982.0
202601;236_040_0110_2500000000424;16680.0
202601;236_040_0110_2500000000544;31197.0
202601;236_040_0110_2500000000545;149.0
202601;236_040_0110_2500000001100;362.0
202601;236_040_0110_2829000000110;-128344.0
202601;236_040_0110_2894000000081;-6136.0
202601;236_040_0110_28D5000000070;-52882.0
202601;236_040_0110_28D5000000162;-11419.0
202601;236_040_0110_28D5000000568;-4833.33333333333
202601;236_040_0110_28D5000000588;-270.0
202601;236_040_0110_28F1000000163;-1122.73333333333
202601;236_040_0115_ATM_1000000000130;275.9449541
202601;236_040_0115_ATM_1000000000448;21821.489
202601;236_040_0115_ATM_10C2000000159;98108.98146
202601;236_040_0115_ATM_10D5000007065;2475.0
202601;236_040_0115_ATM_22D1000000010;-2.245
202601;236_040_0115_ATM_2300000005203;-20.0
202601;236_040_0115_ATM_2881000000584;-2972.602548
202601;236_040_0115_ATM_28CC000000720;-85312.15779
202601;236_040_0115_ATM_28CC000000724;-127.8333333
202601;236_040_0115_CAR_0800000000013;2215.0
202601;236_040_0115_CAR_1000000000073;9.99308413573825e-14
202601;236_040_0115_CAR_1000000000074;169272.0
202601;236_040_0115_CAR_1000000000096;367227.0
202601;236_040_0115_CAR_1000000000302;33905.0
202601;236_040_0115_CAR_10C2000000058;312574.0
202601;236_040_0115_CAR_10C2000000127;322.0
202601;236_040_0115_CAR_10C2000000128;78619.0
202601;236_040_0115_CAR_10C2000000129;268.0
202601;236_040_0115_CAR_10C2000000135;14882.0
202601;236_040_0115_CAR_10C2000000354;1665067.0
202601;236_040_0115_CAR_10C2000000357;415997.0
202601;236_040_0115_CAR_10C2000000358;259567.0
202601;236_040_0115_CAR_10C2000000360;338293.0
202601;236_040_0115_CAR_10P1000000031;16967.0
202601;236_040_0115_CAR_10P1000000195;-1.43632777859266e-13
202601;236_040_0115_CAR_10P2000000010;3558.0
202601;236_040_0115_CAR_2200000000059;-59183.0
202601;236_040_0115_CAR_2200000000684;-16.0
202601;236_040_0115_CAR_2200000009020;-1280.0
202601;236_040_0115_CAR_22D1000000016;-13938.94175
202601;236_040_0115_CAR_22D1000000904;-31791.52176
202601;236_040_0115_CAR_22D1000000907;-21076.0
202601;236_040_0115_CAR_22D1000002930;8.33333333333333e-05
202601;236_040_0115_CAR_22D5000000135;-13379.0001407266
202601;236_040_0115_CAR_2829000000532;-16554.0
202601;236_040_0115_CAR_2844000000001;-174756.0
202601;236_040_0115_CAR_28CC000000612;-41733.0
202601;236_040_0115_CAR_28CC000000613;-27843.0
202601;236_040_0115_CAR_28CC000000720;-739438.0
202601;236_040_0115_CAR_28CC000000724;-44072.0
202601;236_040_0115_CAR_28CC000000729;-3.02392758000684e-13
202601;236_040_0115_CAR_28CC000000730;247475.0
202601;236_040_0115_CAR_28CC000000733;-72619.0
202601;236_040_0115_CAR_28CC000003930;0.0083333333333333
202601;236_040_0115_CAR_28F1000000163;-2200.0
202601;236_040_0115_COM_1000000000015;1743.0
202601;236_040_0115_COM_1000000000057;823.0
202601;236_040_0115_COM_1000000000089;18419.0
202601;236_040_0115_COM_1000000000090;133.333333333333
202601;236_040_0115_COM_1000000000229;2422.0
202601;236_040_0115_COM_1000000000296;2369.0
202601;236_040_0115_COM_1000000000331;8167.000206390655
202601;236_040_0115_COM_1000000000428;1242.0
202601;236_040_0115_COM_1000000000451;133109.0
202601;236_040_0115_COM_1000000006930;8.33333333333333e-05
202601;236_040_0115_COM_10C2000000054;80291.0
202601;236_040_0115_COM_10C2000000056;66153.0
202601;236_040_0115_COM_10C2000000350;18796.0
202601;236_040_0115_COM_10C2000000351;22857.0
202601;236_040_0115_COM_10C2000000353;3237447.0
202601;236_040_0115_COM_10C2000000355;-22051.0
202601;236_040_0115_COM_10C2000000856;15996.0
202601;236_040_0115_COM_2200000000049;-608.0
202601;236_040_0115_COM_22D1000000316;-2151.0559
202601;236_040_0115_COM_23D1000000704;-1617055.0
202601;236_040_0115_COM_2829000000109;-2835.0
202601;236_040_0115_COM_2829000000110;-16506.0
202601;236_040_0115_COM_2829000000112;-1678.0
202601;236_040_0115_COM_28CC000000613;-109788.0
202601;236_040_0115_COM_28CC000000720;-827904.0
202601;236_040_0115_COM_28CC000000724;-41040.0
202601;236_040_0115_COM_28F1000000163;-3522.42
202601;236_040_0115_POS_1000000000090;127001.0
202601;236_040_0115_POS_1000000000253;16299.0
202601;236_040_0115_POS_1000000000470;8.33333333333333e-05
202601;236_040_0115_POS_1000000000473;6468.83333333333
202601;236_040_0115_POS_1000000000510;3151.0
202601;236_040_0115_POS_10C2000000061;-451637.0
202601;236_040_0115_POS_10C2000000070;2031865.000000014
202601;236_040_0115_POS_10C2000000350;60477.0
202601;236_040_0115_POS_10C2000000353;13303802.000157658
202601;236_040_0115_POS_10C2000000355;-7916.0
202601;236_040_0115_POS_10D5000000087;3000.0
202601;236_040_0115_POS_10D5000000105;750.0
202601;236_040_0115_POS_10D5000000113;119760.3349
202601;236_040_0115_POS_10D5000000118;33777.94
202601;236_040_0115_POS_10P1000000027;8.33333333333333e-05
202601;236_040_0115_POS_10P1000000038;500.0
202601;236_040_0115_POS_10P1000001450;34042.0
202601;236_040_0115_POS_22D1000000216;-9357.09495
202601;236_040_0115_POS_22D1000000657;-52926.00001024743
202601;236_040_0115_POS_22D5000000002;-33750.0
202601;236_040_0115_POS_22D5000000300;-17307.0
202601;236_040_0115_POS_2300000000086;-464.0
202601;236_040_0115_POS_23D1000000110;-6042.0
202601;236_040_0115_POS_23D1000000114;-8930.0
202601;236_040_0115_POS_23D1000000157;-504509.0
202601;236_040_0115_POS_23D1000000704;-5690486.999859957
202601;236_040_0115_POS_23D1000000706;-1317567.9999765847
202601;236_040_0115_POS_23D5000000324;-1054.20489728
202601;236_040_0115_POS_2829000000589;-15805.0
202601;236_040_0115_POS_2895000000001;-142678.0
202601;236_040_0115_POS_28B1000001000;-33044.0
202601;236_040_0115_POS_28CC000000605;-1830.0
202601;236_040_0115_POS_28CC000000613;-275518.0
202601;236_040_0115_POS_28CC000000720;-3064687.0
202601;236_040_0115_POS_28CC000000724;-10980.0
202601;236_040_0115_POS_28CC000000726;-344584.0
202601;236_040_0115_POS_28CC000000731;-6197.0
202601;236_040_0115_POS_28F1000000163;-7700.0
202601;236_040_0120_0800000000031;-1254.079055
202601;236_040_0120_0800000000437;337522.4
202601;236_040_0120_0800000000440;95886.4348
202601;236_040_0120_1000000000004;84611.87646
202601;236_040_0120_1000000000005;8208.319616
202601;236_040_0120_1000000000017;34970.484
202601;236_040_0120_1000000000019;121070.3928
202601;236_040_0120_1000000000046;3186.029017
202601;236_040_0120_1000000000360;42459.24249
202601;236_040_0120_1000000000361;2218.084885
202601;236_040_0120_1000000000364;15384.5408
202601;236_040_0120_1000000005100;2832.71616
202601;236_040_0120_10D5000000307;4744.8
202601;236_040_0120_2200000000612;-29456.0032
202601;236_040_0120_2500000000009;465.0
202601;236_040_0120_2500000000012;7696.350315
202602;236_020_0040_0800000000008;4258.0
202602;236_020_0040_1000000000097;8089.25
202602;236_020_0040_1000000000120;5534.75
202602;236_020_0040_1000000000152;851.5
202602;236_020_0040_1000000000159;1703.0
202602;236_020_0040_1000000005110;11069.5
202602;236_020_0040_1000000005111;4257.5
202602;236_020_0040_10C1000000709;4856.83
202602;236_020_0040_10C3000000035;556765.35
202602;236_020_0040_10C3000000044;198688.65
202602;236_020_0040_10C3000000311;105967.28
202602;236_020_0040_10C3000000312;128043.79
202602;236_020_0040_10C3000000413;44153.03
202602;236_020_0040_10C3000009407;136874.4
202602;236_020_0040_10P1000000101;7237.75
202602;236_020_0040_1200000000017;27248.0
202602;236_020_0040_2200000000017;-207761.0
202602;236_020_0040_2200000000217;-42826.0
202602;236_020_0040_2200000001017;-123321.0
202602;236_020_0040_22D5000005100;-17327.0
202602;236_020_0043_0800000000405;-1703.0
202602;236_020_0043_1000000000010;22990.5
202602;236_020_0043_1000000000061;170.3
202602;236_020_0043_1000000000119;30228.25
202602;236_020_0043_1000000000120;22139.0
202602;236_020_0043_1000000000159;20436.0
202602;236_020_0043_1000000000240;295724.18
202602;236_020_0043_1000000000385;212.88
202602;236_020_0043_1000000000440;8.33333333333333e-05
202602;236_020_0043_10C1000000709;18732.999999999996
202602;236_020_0043_10C3000000301;1372.33
202602;236_020_0043_10C3000000307;74612.496417
202602;236_020_0043_10C3000000308;44595.974860999995
202602;236_020_0043_10C3000000311;4717.38
202602;236_020_0043_10C3000000312;7719.35
202602;236_020_0043_10C3000000412;203683.53900840002
202602;236_020_0043_10C3000000413;45453.5897697
202602;236_020_0043_10D5000009456;160000.0
202602;236_020_0043_1200000000017;34060.0
202602;236_020_0043_22D5000000161;-2100.0
202602;236_020_0043_2300000000014;-1473.0
202602;236_020_0043_2300000000015;-59983.0
202602;236_020_0043_2300000000032;-5948.27
202602;236_020_0043_2300000000110;-158187.0
202602;236_020_0043_2300000005214;-12772.5
202602;236_020_0045_1000000000042;91666.67
202602;236_020_0045_1000000000059;14000.0
202602;236_020_0045_1000000000273;52876.03
202602;236_020_0045_1000000000350;1083.33333333333
202602;236_020_0045_1000000000476;3000.0
202602;236_020_0045_1000000000726;125.0
202602;236_020_0045_10P1000000193;83.33
202602;236_020_0045_2200000004608;-568.67
202602;236_020_0045_2200000009030;-36800.0
202602;236_020_0045_2200000009031;-52065.0
202602;236_020_0045_22D5000000003;-850.0
202602;236_020_0045_22D5000000004;-750.0
202602;236_020_0045_22D5000000458;-3583.33333
202602;236_020_0045_22F2000000065;8.33333333333333e-05
202602;236_020_0050_10B4000000015;8.33333333333333e-05
202602;236_020_0050_10B4000000016;-5833.33
202602;236_020_0050_10B4000000027;2916.67
202602;236_020_0050_10B4000000048;150000.0
202602;236_020_0050_10B4000001040;11500.0
202602;236_020_0050_10B4000001041;109722.0
202602;236_020_0050_10B4000001048;75600.0
202602;236_020_0050_10B4000001055;105200.0
202602;236_020_0050_10B4000001057;1338525.75
202602;236_020_0050_10B4000001059;1746718.56
202602;236_020_0050_10B4000001060;49700.25
202602;236_020_0050_10B4000001067;-102757.45
202602;236_020_0050_10B4000001069;-257542.81
202602;236_020_0050_10D5000000016;10541.67
202602;236_020_0050_10D5000000264;15024.0
202602;236_020_0050_10D5000000566;29817.0
202602;236_020_0050_10D5000007307;6555.0
202602;236_020_0050_22D5000009482;-17468.49315
202602;236_020_0050_2300000000029;-6428.6
202602;236_020_0050_2300000000030;-42668.42
202602;236_020_0055_GP;485313.747711177
202602;236_020_0060_1000000000505;8.33333333333333e-05
202602;236_020_0060_10B4000000009;200.58
202602;236_020_0060_10B4000000012;62.5
202602;236_020_0060_10B4000000018;68997.9
202602;236_020_0060_10B4000000019;66292.1
202602;236_020_0060_10B4000000020;17850.0
202602;236_020_0060_10B4000000103;46213.72
202602;236_020_0060_10B4000000105;61669.44
202602;236_020_0060_10B4000000107;19561.5
202602;236_020_0060_10B4000000111;64976.8
202602;236_020_0060_10B4000000112;139757.39
202602;236_020_0060_10B4000000279;660150.09
202602;236_020_0060_10B4000000281;5833.0
202602;236_020_0060_10B4000001181;151399.78
202602;236_020_0060_10B4000001189;10000.0
202602;236_020_0060_10B4000001190;1750.0
202602;236_020_0060_10B4000001192;223239.6
202602;236_020_0060_10B4000001197;84395.15
202602;236_020_0060_10B4000001200;208.0
202602;236_020_0060_10B4000002185;10833.0
202602;236_020_0060_10B4000005178;21340.54
202602;236_020_0060_10B4ASS002930;-13333.0
202602;236_020_0060_2200000000011;-5287.0
202602;236_020_0060_2300000000033;-29010.0
202602;236_020_0065_1000000000303;8333.33
202602;236_020_0065_1000000000427;1250.0
202602;236_020_0065_10B4000000004;352203.44
202602;236_020_0065_10B4000000005;413864.22
202602;236_020_0065_10B4000000013;-12500.0
202602;236_020_0065_10B4000000014;-6666.67
202602;236_020_0065_10B4000001067;102757.45
202602;236_020_0065_10B4000001069;257542.81
202602;236_020_0065_10B4000001640;-1666.67
202602;236_020_0065_2300000000036;-11173.14
202602;236_020_0065_2300000000084;8.33333333333333e-05
202602;236_020_0065_2500000000013;7500.0
202602;236_020_0065_2500000001013;1250.0
202602;236_020_0070_0800000000021;6583.333333
202602;236_020_0070_0800000000025;-19761.0
202602;236_020_0070_0800000000030;18044.0
202602;236_020_0070_0800000000432;270517.0
202602;236_020_0070_0800000000442;-16666.6666666667
202602;236_020_0070_0800000001378;3249.0
202602;236_020_0070_0800000002378;69750.0
202602;236_020_0070_0800000003378;62750.0
202602;236_020_0070_1000000000251;1250.0
202602;236_020_0070_1000000000363;5000.0
202602;236_020_0070_2811000000644;-1154.99999374151
202602;236_040_0110_1000000000011;15286.0
202602;236_040_0110_1000000000012;458.0
202602;236_040_0110_1000000000053;332313.0
202602;236_040_0110_1000000000060;20472.0
202602;236_040_0110_1000000000078;4091.0
202602;236_040_0110_1000000000081;9563.0
202602;236_040_0110_1000000000082;37459.0
202602;236_040_0110_1000000000083;72394.0
202602;236_040_0110_1000000000084;83371.0
202602;236_040_0110_1000000000128;70102.0
202602;236_040_0110_1000000000167;516323.0
202602;236_040_0110_1000000000188;1558.0
202602;236_040_0110_1000000000200;61836.0
202602;236_040_0110_1000000000220;32000.0
202602;236_040_0110_1000000000221;260074.0
202602;236_040_0110_1000000000271;17535.0
202602;236_040_0110_1000000000299;1161.0
202602;236_040_0110_1000000000301;311606.0
202602;236_040_0110_1000000000306;110556.0
202602;236_040_0110_1000000000332;6857.0
202602;236_040_0110_1000000000409;9250.0
202602;236_040_0110_1000000000410;8075.0
202602;236_040_0110_1000000000434;266906.0
202602;236_040_0110_1000000000465;465.0
202602;236_040_0110_1000000000597;56205.0
202602;236_040_0110_2200000000060;-11517.0
202602;236_040_0110_2200000000095;-62438.0
202602;236_040_0110_2200000000100;-2165.0
202602;236_040_0110_2200000000220;-30928.0
202602;236_040_0110_2200000000606;-205.0
202602;236_040_0110_2200000000615;-22.0
202602;236_040_0110_2200000000616;-3103.0
202602;236_040_0110_2500000000012;10691.0
202602;236_040_0110_2500000000424;15992.0
202602;236_040_0110_2500000000544;22218.0
202602;236_040_0110_2500000000545;126.0
202602;236_040_0110_2500000001100;437.0
202602;236_040_0110_2829000000110;-185019.0
202602;236_040_0110_2894000000081;-5617.0
202602;236_040_0110_28D5000000070;-52882.0
202602;236_040_0110_28D5000000162;-11419.0
202602;236_040_0110_28D5000000568;-4833.33333333333
202602;236_040_0110_28D5000000588;-270.0
202602;236_040_0110_28F1000000163;-1122.73333333333
202602;236_040_0115_ATM_1000000000130;204.4036697
202602;236_040_0115_ATM_1000000000448;21394.823
202602;236_040_0115_ATM_10C2000000159;93831.57719
202602;236_040_0115_ATM_10D5000007065;2475.0
202602;236_040_0115_ATM_22D1000000010;-2.245
202602;236_040_0115_ATM_2300000005203;-14.0
202602;236_040_0115_ATM_2881000000584;-2684.932301
202602;236_040_0115_ATM_28CC000000720;-81592.67582
202602;236_040_0115_ATM_28CC000000724;-127.8333333
202602;236_040_0115_CAR_0800000000013;2033.0
202602;236_040_0115_CAR_1000000000073;9.99308413573825e-14
202602;236_040_0115_CAR_1000000000074;157635.0
202602;236_040_0115_CAR_1000000000096;344348.0
202602;236_040_0115_CAR_1000000000302;31704.0
202602;236_040_0115_CAR_10C2000000058;247133.0
202602;236_040_0115_CAR_10C2000000127;296.0
202602;236_040_0115_CAR_10C2000000128;60094.0
202602;236_040_0115_CAR_10C2000000129;338.0
202602;236_040_0115_CAR_10C2000000135;13791.0
202602;236_040_0115_CAR_10C2000000354;1611779.0
202602;236_040_0115_CAR_10C2000000357;400769.0
202602;236_040_0115_CAR_10C2000000358;251499.0
202602;236_040_0115_CAR_10C2000000360;338246.0
202602;236_040_0115_CAR_10P1000000031;17315.0
202602;236_040_0115_CAR_10P1000000195;-1.43632777859266e-13
202602;236_040_0115_CAR_10P2000000010;3734.0
202602;236_040_0115_CAR_2200000000059;-62672.0
202602;236_040_0115_CAR_2200000000684;-18.0
202602;236_040_0115_CAR_2200000009020;-1280.0
202602;236_040_0115_CAR_22D1000000016;-13938.94175
202602;236_040_0115_CAR_22D1000000904;-31791.52176
202602;236_040_0115_CAR_22D1000000907;-26841.0
202602;236_040_0115_CAR_22D1000002930;8.33333333333333e-05
202602;236_040_0115_CAR_22D5000000135;-12119.7999343276
202602;236_040_0115_CAR_23D1000000110;-3459.0
202602;236_040_0115_CAR_2829000000532;-14991.0
202602;236_040_0115_CAR_2844000000001;-166066.0
202602;236_040_0115_CAR_28CC000000612;-38886.0
202602;236_040_0115_CAR_28CC000000613;-26098.0
202602;236_040_0115_CAR_28CC000000720;-756091.0
202602;236_040_0115_CAR_28CC000000724;-42005.0
202602;236_040_0115_CAR_28CC000000729;-3.02392758000684e-13
202602;236_040_0115_CAR_28CC000000730;230005.0
202602;236_040_0115_CAR_28CC000000733;-68067.0
202602;236_040_0115_CAR_28CC000003930;0.0083333333333333
202602;236_040_0115_CAR_28F1000000163;-2200.0
202602;236_040_0115_COM_1000000000015;2209.0
202602;236_040_0115_COM_1000000000057;481.0
202602;236_040_0115_COM_1000000000089;17588.0
202602;236_040_0115_COM_1000000000090;133.333333333333
202602;236_040_0115_COM_1000000000229;881.0
202602;236_040_0115_COM_1000000000296;2254.0
202602;236_040_0115_COM_1000000000331;14156.000206390656
202602;236_040_0115_COM_1000000000428;1615.0
202602;236_040_0115_COM_1000000000451;117559.0
202602;236_040_0115_COM_1000000006930;8.33333333333333e-05
202602;236_040_0115_COM_10C2000000054;85538.0
202602;236_040_0115_COM_10C2000000056;45413.0
202602;236_040_0115_COM_10C2000000350;17992.0
202602;236_040_0115_COM_10C2000000351;21858.0
202602;236_040_0115_COM_10C2000000353;2947759.0
202602;236_040_0115_COM_10C2000000355;-18442.0
202602;236_040_0115_COM_10C2000000856;14245.0
202602;236_040_0115_COM_2200000000049;-636.0
202602;236_040_0115_COM_22D1000000316;-2151.0559
202602;236_040_0115_COM_23D1000000704;-1491232.0
202602;236_040_0115_COM_2829000000109;-2580.0
202602;236_040_0115_COM_2829000000110;-14577.0
202602;236_040_0115_COM_2829000000112;-1516.0
202602;236_040_0115_COM_28CC000000613;-99719.0
202602;236_040_0115_COM_28CC000000720;-711497.0
202602;236_040_0115_COM_28CC000000724;-39446.0
202602;236_040_0115_COM_28F1000000163;-3522.42
202602;236_040_0115_POS_1000000000090;162164.0
202602;236_040_0115_POS_1000000000253;31427.0
202602;236_040_0115_POS_1000000000470;8.33333333333333e-05
202602;236_040_0115_POS_1000000000473;6468.83333333333
202602;236_040_0115_POS_1000000000510;2752.0
202602;236_040_0115_POS_10C2000000061;-415122.0
202602;236_040_0115_POS_10C2000000070;1923998.9999999797
202602;236_040_0115_POS_10C2000000350;57818.0
202602;236_040_0115_POS_10C2000000353;13159847.000163002
202602;236_040_0115_POS_10C2000000355;-7276.0
202602;236_040_0115_POS_10D5000000087;3000.0
202602;236_040_0115_POS_10D5000000105;750.0
202602;236_040_0115_POS_10D5000000113;119288.9728
202602;236_040_0115_POS_10D5000000118;33645.1
202602;236_040_0115_POS_10P1000000027;8.33333333333333e-05
202602;236_040_0115_POS_10P1000000038;500.0
202602;236_040_0115_POS_10P1000001450;35139.0
202602;236_040_0115_POS_22D1000000216;-9357.09495
202602;236_040_0115_POS_22D1000000657;-50740.07939861584
202602;236_040_0115_POS_22D5000000002;-33750.0
202602;236_040_0115_POS_22D5000000300;-17307.0
202602;236_040_0115_POS_2300000000086;-574.0
202602;236_040_0115_POS_23D1000000110;-6042.0
202602;236_040_0115_POS_23D1000000114;-17273.0
202602;236_040_0115_POS_23D1000000157;-499735.0
202602;236_040_0115_POS_23D1000000704;-5756908.999864517
202602;236_040_0115_POS_23D1000000706;-1219208.9999254867
202602;236_040_0115_POS_23D5000000324;-1654.32302446489
202602;236_040_0115_POS_2829000000589;-14275.0
202602;236_040_0115_POS_2895000000001;-138944.0
202602;236_040_0115_POS_28B1000001000;-30934.0
202602;236_040_0115_POS_28CC000000605;-2700.0
202602;236_040_0115_POS_28CC000000613;-254694.0
202602;236_040_0115_POS_28CC000000720;-2884705.0
202602;236_040_0115_POS_28CC000000724;-10608.0
202602;236_040_0115_POS_28CC000000726;-353725.0
202602;236_040_0115_POS_28CC000000731;-4673.0
202602;236_040_0115_POS_28F1000000163;-7700.0
202602;236_040_0120_0800000000031;-7316.700368
202602;236_040_0120_0800000000437;268139.97
202602;236_040_0120_0800000000440;91471.90295
202602;236_040_0120_1000000000004;81889.15849
202602;236_040_0120_1000000000005;5650.643393
202602;236_040_0120_1000000000017;59412.072
202602;236_040_0120_1000000000019;114439.7047
202602;236_040_0120_1000000000046;2508.97367
202602;236_040_0120_1000000000360;34540.82938
202602;236_040_0120_1000000000361;1775.892451
202602;236_040_0120_1000000000364;15144.22475
202602;236_040_0120_1000000005100;5212.59408
202602;236_040_0120_10D5000000307;4934.4
202602;236_040_0120_2200000000612;-38297.9272
202602;236_040_0120_2500000000009;155.0
202602;236_040_0120_2500000000012;4680.128543
202603;236_020_0040_0800000000008;4500.0
202603;236_020_0040_1000000000097;8550.0
202603;236_020_0040_1000000000120;5850.0
202603;236_020_0040_1000000000152;900.0
202603;236_020_0040_1000000000159;1800.0
202603;236_020_0040_1000000005110;11700.0
202603;236_020_0040_1000000005111;4500.0
202603;236_020_0040_10C1000000709;5133.47
202603;236_020_0040_10C3000000035;588478.48
202603;236_020_0040_10C3000000044;210005.62
202603;236_020_0040_10C3000000311;112003.0
202603;236_020_0040_10C3000000312;135336.95
202603;236_020_0040_10C3000000413;46667.91
202603;236_020_0040_10C3000009407;144670.54
202603;236_020_0040_10D5000001392;300000.0
202603;236_020_0040_10P1000000101;7650.0
202603;236_020_0040_1200000000017;28800.0
202603;236_020_0040_2200000000017;-219595.0
202603;236_020_0040_2200000000217;-45265.0
202603;236_020_0040_2200000001017;-130345.0
202603;236_020_0040_22D5000005100;-13700.0
202603;236_020_0043_0800000000405;-1800.0
202603;236_020_0043_1000000000010;24300.0
202603;236_020_0043_1000000000061;180.0
202603;236_020_0043_1000000000119;31950.0
202603;236_020_0043_1000000000120;23400.0
202603;236_020_0043_1000000000159;21600.0
202603;236_020_0043_1000000000240;307553.15
202603;236_020_0043_1000000000385;225.0
202603;236_020_0043_1000000000440;8.33333333333333e-05
202603;236_020_0043_10C1000000709;19800.0
202603;236_020_0043_10C3000000301;1450.4283869
202603;236_020_0043_10C3000000307;78862.29802399999
202603;236_020_0043_10C3000000308;47136.086176
202603;236_020_0043_10C3000000311;4986.07
202603;236_020_0043_10C3000000312;8158.17
202603;236_020_0043_10C3000000412;215285.00898510002
202603;236_020_0043_10C3000000413;48042.549377400006
202603;236_020_0043_10D5000001393;800000.0
202603;236_020_0043_10D5000009456;160000.0
202603;236_020_0043_1200000000017;36000.0
202603;236_020_0043_22D5000000161;-2100.0
202603;236_020_0043_2300000000014;-1557.0
202603;236_020_0043_2300000000015;-63399.0
202603;236_020_0043_2300000000032;-6287.08
202603;236_020_0043_2300000000110;-167197.0
202603;236_020_0043_2300000005214;-13500.0
202603;236_020_0045_1000000000042;91666.67
202603;236_020_0045_1000000000059;14000.0
202603;236_020_0045_1000000000273;54991.08
202603;236_020_0045_1000000000350;1083.33333333333
202603;236_020_0045_1000000000476;3000.0
202603;236_020_0045_1000000000726;125.0
202603;236_020_0045_10P1000000193;83.33
202603;236_020_0045_2200000004608;-568.67
202603;236_020_0045_2200000009030;-36800.0
202603;236_020_0045_2200000009031;-52065.0
202603;236_020_0045_22D5000000003;-850.0
202603;236_020_0045_22D5000000004;-750.0
202603;236_020_0045_22D5000000458;-3583.33333
202603;236_020_0045_22F2000000065;8.33333333333333e-05
202603;236_020_0050_10B4000000015;8.33333333333333e-05
202603;236_020_0050_10B4000000016;-5833.33
202603;236_020_0050_10B4000000027;2916.67
202603;236_020_0050_10B4000000048;200000.0
202603;236_020_0050_10B4000001040;11500.0
202603;236_020_0050_10B4000001041;121808.88
202603;236_020_0050_10B4000001048;88212.0
202603;236_020_0050_10B4000001055;122725.0
202603;236_020_0050_10B4000001057;1496815.39
202603;236_020_0050_10B4000001059;1952446.09
202603;236_020_0050_10B4000001060;57161.67
202603;236_020_0050_10B4000001067;-117754.92
202603;236_020_0050_10B4000001069;-288942.71
202603;236_020_0050_10D5000000016;10541.67
202603;236_020_0050_10D5000000264;17923.0
202603;236_020_0050_10D5000000566;31873.0
202603;236_020_0050_10D5000007307;6555.0
202603;236_020_0050_22D5000009482;-18997.26027
202603;236_020_0050_2300000000029;-6428.6
202603;236_020_0050_2300000000030;-42668.42
202603;236_020_0055_GP;539812.833321177
202603;236_020_0060_1000000000505;8.33333333333333e-05
202603;236_020_0060_10B4000000009;222.07
202603;236_020_0060_10B4000000012;62.5
202603;236_020_0060_10B4000000018;63098.31
202603;236_020_0060_10B4000000019;60623.87
202603;236_020_0060_10B4000000020;19110.0
202603;236_020_0060_10B4000000103;51165.19
202603;236_020_0060_10B4000000105;64915.2
202603;236_020_0060_10B4000000107;28255.5
202603;236_020_0060_10B4000000111;65093.91
202603;236_020_0060_10B4000000112;157301.51
202603;236_020_0060_10B4000000279;730271.85
202603;236_020_0060_10B4000000281;5834.0
202603;236_020_0060_10B4000001181;150067.83
202603;236_020_0060_10B4000001189;10000.0
202603;236_020_0060_10B4000001190;29500.0
202603;236_020_0060_10B4000001192;250199.53
202603;236_020_0060_10B4000001197;84547.27
202603;236_020_0060_10B4000001200;209.0
202603;236_020_0060_10B4000001201;500.0
202603;236_020_0060_10B4000002185;10834.0
202603;236_020_0060_10B4000005178;23087.95
202603;236_020_0060_10B4ASS002930;-13334.0
202603;236_020_0060_2200000000011;-5287.0
202603;236_020_0060_2300000000033;-29009.0
202603;236_020_0065_1000000000303;8333.33
202603;236_020_0065_1000000000427;1250.0
202603;236_020_0065_10B4000000004;399020.25
202603;236_020_0065_10B4000000005;464462.27
202603;236_020_0065_10B4000000013;-12500.0
202603;236_020_0065_10B4000000014;-6666.67
202603;236_020_0065_10B4000001067;117754.92
202603;236_020_0065_10B4000001069;288942.71
202603;236_020_0065_10B4000001640;-1666.67
202603;236_020_0065_2300000000036;-11173.14
202603;236_020_0065_2300000000084;8.33333333333333e-05
202603;236_020_0065_2500000000013;175000.0
202603;236_020_0065_2500000001013;1250.0
202603;236_020_0070_0800000000021;6583.333333
202603;236_020_0070_0800000000025;-19761.0
202603;236_020_0070_0800000000030;18044.0
202603;236_020_0070_0800000000432;270517.0
202603;236_020_0070_0800000000442;-16666.6666666667
202603;236_020_0070_0800000001378;3249.0
202603;236_020_0070_0800000002378;69750.0
202603;236_020_0070_0800000003378;62750.0
202603;236_020_0070_1000000000251;1250.0
202603;236_020_0070_1000000000363;5000.0
202603;236_020_0070_2811000000644;-1275.00001341105
202603;236_040_0110_1000000000011;15313.0
202603;236_040_0110_1000000000012;370.0
202603;236_040_0110_1000000000053;380243.0
202603;236_040_0110_1000000000060;22638.0
202603;236_040_0110_1000000000078;4133.0
202603;236_040_0110_1000000000081;9366.0
202603;236_040_0110_1000000000082;36575.0
202603;236_040_0110_1000000000083;74409.0
202603;236_040_0110_1000000000084;71269.0
202603;236_040_0110_1000000000128;78955.0
202603;236_040_0110_1000000000167;536187.0
202603;236_040_0110_1000000000188;1186.0
202603;236_040_0110_1000000000200;63787.0
202603;236_040_0110_1000000000220;34955.0
202603;236_040_0110_1000000000221;305957.0
202603;236_040_0110_1000000000271;18468.0
202603;236_040_0110_1000000000299;1284.0
202603;236_040_0110_1000000000301;333032.0
202603;236_040_0110_1000000000306;100935.0
202603;236_040_0110_1000000000332;6734.0
202603;236_040_0110_1000000000409;3700.0
202603;236_040_0110_1000000000410;9038.0
202603;236_040_0110_1000000000434;266762.0
202603;236_040_0110_1000000000465;400.0
202603;236_040_0110_1000000000597;57365.0
202603;236_040_0110_2200000000060;-12788.0
202603;236_040_0110_2200000000095;-58140.0
202603;236_040_0110_2200000000100;-2265.0
202603;236_040_0110_2200000000220;-29783.0
202603;236_040_0110_2200000000606;-273.0
202603;236_040_0110_2200000000615;-24.0
202603;236_040_0110_2200000000616;-3103.0
202603;236_040_0110_2500000000012;10119.0
202603;236_040_0110_2500000000424;17050.0
202603;236_040_0110_2500000000544;25373.0
202603;236_040_0110_2500000000545;294.0
202603;236_040_0110_2500000001100;87.0
202603;236_040_0110_2829000000110;-180105.0
202603;236_040_0110_2894000000081;-6139.0
202603;236_040_0110_28D5000000070;-52882.0
202603;236_040_0110_28D5000000162;-11419.0
202603;236_040_0110_28D5000000568;-4833.33333333333
202603;236_040_0110_28D5000000588;-270.0
202603;236_040_0110_28F1000000163;-1122.73333333333
202603;236_040_0115_ATM_1000000000130;183.9633028
202603;236_040_0115_ATM_1000000000448;24031.9225
202603;236_040_0115_ATM_10C2000000159;104872.2677
202603;236_040_0115_ATM_10D5000007065;2475.0
202603;236_040_0115_ATM_22D1000000010;-2.245
202603;236_040_0115_ATM_2300000005203;-12.25
202603;236_040_0115_ATM_2881000000584;-2972.602548
202603;236_040_0115_ATM_28CC000000720;-91193.27624
202603;236_040_0115_ATM_28CC000000724;-127.8333333
202603;236_040_0115_CAR_0800000000013;2289.0
202603;236_040_0115_CAR_1000000000073;9.99308413573825e-14
202603;236_040_0115_CAR_1000000000074;171663.0
202603;236_040_0115_CAR_1000000000096;384518.0
202603;236_040_0115_CAR_1000000000302;53248.0
202603;236_040_0115_CAR_10C2000000058;280663.0
202603;236_040_0115_CAR_10C2000000127;324.0
202603;236_040_0115_CAR_10C2000000128;96050.0
202603;236_040_0115_CAR_10C2000000129;267.0
202603;236_040_0115_CAR_10C2000000135;15982.0
202603;236_040_0115_CAR_10C2000000354;1842626.0
202603;236_040_0115_CAR_10C2000000357;439140.0
202603;236_040_0115_CAR_10C2000000358;267268.0
202603;236_040_0115_CAR_10C2000000360;368089.0
202603;236_040_0115_CAR_10P1000000031;20914.0
202603;236_040_0115_CAR_10P1000000195;-1.43632777859266e-13
202603;236_040_0115_CAR_10P2000000010;4307.0
202603;236_040_0115_CAR_2200000000059;-72269.0
202603;236_040_0115_CAR_2200000000684;-16.0
202603;236_040_0115_CAR_2200000009020;-1280.0
202603;236_040_0115_CAR_22D1000000016;-13938.94175
202603;236_040_0115_CAR_22D1000000904;-31791.52176
202603;236_040_0115_CAR_22D1000000907;-32034.0
202603;236_040_0115_CAR_22D1000002930;8.33333333333333e-05
202603;236_040_0115_CAR_22D5000000135;-13379.0001407266
202603;236_040_0115_CAR_2829000000532;-22600.0
202603;236_040_0115_CAR_2844000000001;-186289.0
202603;236_040_0115_CAR_28CC000000612;-44019.0
202603;236_040_0115_CAR_28CC000000613;-29478.0
202603;236_040_0115_CAR_28CC000000720;-848045.0
202603;236_040_0115_CAR_28CC000000724;-47406.0
202603;236_040_0115_CAR_28CC000000729;-3.02392758000684e-13
202603;236_040_0115_CAR_28CC000000730;270612.0
202603;236_040_0115_CAR_28CC000000733;-76883.0
202603;236_040_0115_CAR_28CC000003930;0.0083333333333333
202603;236_040_0115_CAR_28F1000000163;-2200.0
202603;236_040_0115_COM_1000000000015;3058.0
202603;236_040_0115_COM_1000000000057;19.0
202603;236_040_0115_COM_1000000000089;17918.0
202603;236_040_0115_COM_1000000000090;133.333333333333
202603;236_040_0115_COM_1000000000229;1615.0
202603;236_040_0115_COM_1000000000296;2297.0
202603;236_040_0115_COM_1000000000331;2722.000206390655
202603;236_040_0115_COM_1000000000428;1863.0
202603;236_040_0115_COM_1000000000451;127204.0
202603;236_040_0115_COM_1000000006930;8.33333333333333e-05
202603;236_040_0115_COM_10C2000000054;108103.0
202603;236_040_0115_COM_10C2000000056;47572.0
202603;236_040_0115_COM_10C2000000350;22493.0
202603;236_040_0115_COM_10C2000000351;24417.0
202603;236_040_0115_COM_10C2000000353;3218488.0
202603;236_040_0115_COM_10C2000000355;-19198.0
202603;236_040_0115_COM_10C2000000856;16619.0
202603;236_040_0115_COM_2200000000049;-592.0
202603;236_040_0115_COM_22D1000000316;-2151.0559
202603;236_040_0115_COM_23D1000000704;-1636633.0
202603;236_040_0115_COM_2829000000109;-2941.0
202603;236_040_0115_COM_2829000000110;-15773.0
202603;236_040_0115_COM_2829000000112;-1678.0
202603;236_040_0115_COM_28CC000000613;-110634.0
202603;236_040_0115_COM_28CC000000720;-823860.0
202603;236_040_0115_COM_28CC000000724;-39907.0
202603;236_040_0115_COM_28F1000000163;-3522.42
202603;236_040_0115_POS_1000000000090;207173.0
202603;236_040_0115_POS_1000000000253;32373.0
202603;236_040_0115_POS_1000000000470;8.33333333333333e-05
202603;236_040_0115_POS_1000000000473;6468.83333333333
202603;236_040_0115_POS_1000000000510;5106.0
202603;236_040_0115_POS_10C2000000061;-445980.0
202603;236_040_0115_POS_10C2000000070;2195223.9999999767
202603;236_040_0115_POS_10C2000000350;70672.0
202603;236_040_0115_POS_10C2000000353;15457107.00007778
202603;236_040_0115_POS_10C2000000355;-7817.0
202603;236_040_0115_POS_10D5000000087;3000.0
202603;236_040_0115_POS_10D5000000105;750.0
202603;236_040_0115_POS_10D5000000113;118822.7941
202603;236_040_0115_POS_10D5000000118;33513.99
202603;236_040_0115_POS_10P1000000027;8.33333333333333e-05
202603;236_040_0115_POS_10P1000000038;500.0
202603;236_040_0115_POS_10P1000001450;48230.0
202603;236_040_0115_POS_22D1000000216;-9357.09495
202603;236_040_0115_POS_22D1000000657;-51990.00000584444
202603;236_040_0115_POS_22D5000000002;-33750.0
202603;236_040_0115_POS_22D5000000300;-17307.0
202603;236_040_0115_POS_2300000000086;-824.0
202603;236_040_0115_POS_23D1000000110;-3593.0
202603;236_040_0115_POS_23D1000000114;-17409.0
202603;236_040_0115_POS_23D1000000157;-579905.0
202603;236_040_0115_POS_23D1000000704;-6742969.999932346
202603;236_040_0115_POS_23D1000000706;-1344029.9999903333
202603;236_040_0115_POS_23D5000000324;-3075.24115164998
202603;236_040_0115_POS_2829000000589;-15805.0
202603;236_040_0115_POS_2895000000001;-145172.0
202603;236_040_0115_POS_28B1000001000;-26413.0
202603;236_040_0115_POS_28CC000000605;-2567.0
202603;236_040_0115_POS_28CC000000613;-418646.0
202603;236_040_0115_POS_28CC000000720;-3533076.0
202603;236_040_0115_POS_28CC000000724;-12252.0
202603;236_040_0115_POS_28CC000000726;-357483.0
202603;236_040_0115_POS_28CC000000731;-3207.0
202603;236_040_0115_POS_28F1000000163;-7700.0
202603;236_040_0120_0800000000031;-2317.866777
202603;236_040_0120_0800000000437;276791.35
202603;236_040_0120_0800000000440;95223.35614
202603;236_040_0120_1000000000004;91516.41274
202603;236_040_0120_1000000000005;9167.29942
202603;236_040_0120_1000000000017;65013.048
202603;236_040_0120_1000000000019;123218.722
202603;236_040_0120_1000000000046;2508.97367
202603;236_040_0120_1000000000360;37381.80335
202603;236_040_0120_1000000000361;3129.20914
202603;236_040_0120_1000000000364;16980.98256
202603;236_040_0120_1000000005100;3923.82112
202603;236_040_0120_10D5000000307;5131.2
202603;236_040_0120_2200000000612;-48624.028
202603;236_040_0120_2500000000009;217.0
202603;236_040_0120_2500000000012;7522.519013
202604;236_020_0040_0800000000008;4104.0
202604;236_020_0040_1000000000097;7796.65
202604;236_020_0040_1000000000120;5334.55
202604;236_020_0040_1000000000152;820.7
202604;236_020_0040_1000000000159;1641.4
202604;236_020_0040_1000000005110;10669.1
202604;236_020_0040_1000000005111;4103.5
202604;236_020_0040_10C1000000709;4681.15
202604;236_020_0040_10C3000000035;536605.47
202604;236_020_0040_10C3000000044;191501.79
202604;236_020_0040_10C3000000311;102134.29
202604;236_020_0040_10C3000000312;123412.26
202604;236_020_0040_10C3000000413;42555.95
202604;236_020_0040_10C3000009407;131923.45
202604;236_020_0040_10P1000000101;6975.95
202604;236_020_0040_1200000000017;26262.4
202604;236_020_0040_2200000000017;-200246.0
202604;236_020_0040_2200000000217;-41277.0
202604;236_020_0040_2200000001017;-118860.0
202604;236_020_0040_22D5000005100;-14773.0
202604;236_020_0043_0800000000405;-1641.4
202604;236_020_0043_1000000000010;22158.9
202604;236_020_0043_1000000000061;164.14
202604;236_020_0043_1000000000119;29134.85
202604;236_020_0043_1000000000120;21338.2
202604;236_020_0043_1000000000159;19696.8
202604;236_020_0043_1000000000240;315439.12
202604;236_020_0043_1000000000385;205.18
202604;236_020_0043_1000000000440;8.33333333333333e-05
202604;236_020_0043_10C1000000709;18055.399999999998
202604;236_020_0043_10C3000000301;1322.637649
202604;236_020_0043_10C3000000307;71913.653322
202604;236_020_0043_10C3000000308;42982.873253000005
202604;236_020_0043_10C3000000311;4546.27
202604;236_020_0043_10C3000000312;7439.34
202604;236_020_0043_10C3000000412;196316.0075793
202604;236_020_0043_10C3000000413;43809.466972300004
202604;236_020_0043_10D5000009456;160000.0
202604;236_020_0043_1200000000017;32828.0
202604;236_020_0043_22D5000000161;-2100.0
202604;236_020_0043_2300000000014;-1420.0
202604;236_020_0043_2300000000015;-57813.0
202604;236_020_0043_2300000000032;-5733.11
202604;236_020_0043_2300000000110;-152465.0
202604;236_020_0043_2300000005214;-12310.5
202604;236_020_0045_1000000000042;91666.67
202604;236_020_0045_1000000000059;14000.0
202604;236_020_0045_1000000000273;56401.1
202604;236_020_0045_1000000000350;1083.33333333333
202604;236_020_0045_1000000000476;3000.0
202604;236_020_0045_1000000000726;125.0
202604;236_020_0045_10P1000000193;83.33
202604;236_020_0045_2200000004608;-568.67
202604;236_020_0045_2200000009030;-36800.0
202604;236_020_0045_2200000009031;-52065.0
202604;236_020_0045_22D5000000003;-850.0
202604;236_020_0045_22D5000000004;-750.0
202604;236_020_0045_22D5000000458;-3583.33333
202604;236_020_0045_22F2000000065;8.33333333333333e-05
202604;236_020_0050_10B4000000015;8.33333333333333e-05
202604;236_020_0050_10B4000000016;-5833.33
202604;236_020_0050_10B4000000027;2916.67
202604;236_020_0050_10B4000000048;150000.0
202604;236_020_0050_10B4000001040;11500.0
202604;236_020_0050_10B4000001041;118526.11
202604;236_020_0050_10B4000001048;75600.0
202604;236_020_0050_10B4000001055;105187.5
202604;236_020_0050_10B4000001057;1464150.71
202604;236_020_0050_10B4000001059;1907439.8
202604;236_020_0050_10B4000001060;57385.21
202604;236_020_0050_10B4000001067;-117815.48
202604;236_020_0050_10B4000001069;-283305.23
202604;236_020_0050_10D5000000016;10541.67
202604;236_020_0050_10D5000000264;18613.0
202604;236_020_0050_10D5000000566;30845.0
202604;236_020_0050_10D5000007307;23888.0
202604;236_020_0050_22D5000009482;-18487.67123
202604;236_020_0050_2300000000029;-6428.6
202604;236_020_0050_2300000000030;-42668.42
202604;236_020_0055_GP;524946.853851177
202604;236_020_0060_1000000000505;8.33333333333333e-05
202604;236_020_0060_10B4000000009;214.91
202604;236_020_0060_10B4000000012;62.5
202604;236_020_0060_10B4000000018;70521.62
202604;236_020_0060_10B4000000019;67756.06
202604;236_020_0060_10B4000000020;15300.0
202604;236_020_0060_10B4000000103;49514.7
202604;236_020_0060_10B4000000105;64915.2
202604;236_020_0060_10B4000000107;30429.0
202604;236_020_0060_10B4000000111;65223.92
202604;236_020_0060_10B4000000112;154830.15
202604;236_020_0060_10B4000000279;707695.32
202604;236_020_0060_10B4000000281;5833.0
202604;236_020_0060_10B4000001181;148667.62
202604;236_020_0060_10B4000001189;10000.0
202604;236_020_0060_10B4000001190;1750.0
202604;236_020_0060_10B4000001192;244645.69
202604;236_020_0060_10B4000001197;84716.12
202604;236_020_0060_10B4000001200;208.0
202604;236_020_0060_10B4000002185;10833.0
202604;236_020_0060_10B4000005178;21821.48
202604;236_020_0060_10B4ASS002930;-13333.0
202604;236_020_0060_2200000000011;-5287.0
202604;236_020_0060_2300000000033;-29010.0
202604;236_020_0065_1000000000303;8333.33
202604;236_020_0065_1000000000427;1250.0
202604;236_020_0065_10B4000000004;394506.0
202604;236_020_0065_10B4000000005;455236.94
202604;236_020_0065_10B4000000013;-12500.0
202604;236_020_0065_10B4000000014;-6666.67
202604;236_020_0065_10B4000001067;117815.48
202604;236_020_0065_10B4000001069;283305.23
202604;236_020_0065_10B4000001640;-1666.67
202604;236_020_0065_2300000000036;-11173.14
202604;236_020_0065_2300000000084;8.33333333333333e-05
202604;236_020_0065_2500000000013;7500.0
202604;236_020_0065_2500000001013;1250.0
202604;236_020_0070_0800000000021;6583.333333
202604;236_020_0070_0800000000025;-19761.0
202604;236_020_0070_0800000000030;18044.0
202604;236_020_0070_0800000000432;270517.0
202604;236_020_0070_0800000000442;-16666.6666666667
202604;236_020_0070_0800000001378;3249.0
202604;236_020_0070_0800000002378;69750.0
202604;236_020_0070_0800000003378;62750.0
202604;236_020_0070_1000000000251;1250.0
202604;236_020_0070_1000000000363;5000.0
202604;236_020_0070_2811000000644;-1230.00003397465
202604;236_040_0110_1000000000011;15363.0
202604;236_040_0110_1000000000012;375.0
202604;236_040_0110_1000000000053;355762.0
202604;236_040_0110_1000000000060;20845.0
202604;236_040_0110_1000000000078;3613.0
202604;236_040_0110_1000000000081;10549.0
202604;236_040_0110_1000000000082;33318.0
202604;236_040_0110_1000000000083;72012.0
202604;236_040_0110_1000000000084;71789.0
202604;236_040_0110_1000000000128;74990.0
202604;236_040_0110_1000000000167;529551.0
202604;236_040_0110_1000000000188;1087.0
202604;236_040_0110_1000000000200;65145.0
202604;236_040_0110_1000000000220;35000.0
202604;236_040_0110_1000000000221;327317.0
202604;236_040_0110_1000000000271;18455.0
202604;236_040_0110_1000000000299;1110.0
202604;236_040_0110_1000000000301;335598.0
202604;236_040_0110_1000000000306;87350.0
202604;236_040_0110_1000000000332;7363.0
202604;236_040_0110_1000000000409;7692.0
202604;236_040_0110_1000000000410;9032.0
202604;236_040_0110_1000000000434;271034.0
202604;236_040_0110_1000000000465;732.0
202604;236_040_0110_1000000000597;44086.0
202604;236_040_0110_2200000000060;-11786.0
202604;236_040_0110_2200000000095;-57251.0
202604;236_040_0110_2200000000100;-2018.0
202604;236_040_0110_2200000000220;-37576.0
202604;236_040_0110_2200000000606;-410.0
202604;236_040_0110_2200000000615;-20.0
202604;236_040_0110_2200000000616;-3126.0
202604;236_040_0110_2500000000012;10151.0
202604;236_040_0110_2500000000424;15387.0
202604;236_040_0110_2500000000544;28167.0
202604;236_040_0110_2500000000545;252.0
202604;236_040_0110_2500000001100;453.0
202604;236_040_0110_2829000000110;-176903.0
202604;236_040_0110_2894000000081;-6612.0
202604;236_040_0110_28D5000000070;-52882.0
202604;236_040_0110_28D5000000162;-11419.0
202604;236_040_0110_28D5000000568;-4833.33333333333
202604;236_040_0110_28D5000000588;-270.0
202604;236_040_0110_28F1000000163;-1122.73333333333
202604;236_040_0115_ATM_1000000000130;183.9633028
202604;236_040_0115_ATM_1000000000448;23460.6885
202604;236_040_0115_ATM_10C2000000159;112452.2043
202604;236_040_0115_ATM_10D5000007065;2475.0
202604;236_040_0115_ATM_22D1000000010;-2.245
202604;236_040_0115_ATM_2300000005203;-14.0
202604;236_040_0115_ATM_2881000000584;-2876.712466
202604;236_040_0115_ATM_28CC000000720;-97784.52551
202604;236_040_0115_ATM_28CC000000724;-127.8333333
202604;236_040_0115_CAR_0800000000013;1464.0
202604;236_040_0115_CAR_1000000000073;9.99308413573825e-14
202604;236_040_0115_CAR_1000000000074;169285.0
202604;236_040_0115_CAR_1000000000096;391366.0
202604;236_040_0115_CAR_1000000000302;31160.0
202604;236_040_0115_CAR_10C2000000058;290108.0
202604;236_040_0115_CAR_10C2000000127;398.0
202604;236_040_0115_CAR_10C2000000128;78526.0
202604;236_040_0115_CAR_10C2000000129;320.0
202604;236_040_0115_CAR_10C2000000135;14948.0
202604;236_040_0115_CAR_10C2000000354;1757800.0
202604;236_040_0115_CAR_10C2000000357;380378.0
202604;236_040_0115_CAR_10C2000000358;240120.0
202604;236_040_0115_CAR_10C2000000360;372303.0
202604;236_040_0115_CAR_10P1000000031;16191.0
202604;236_040_0115_CAR_10P1000000195;-1.43632777859266e-13
202604;236_040_0115_CAR_10P2000000010;4419.0
202604;236_040_0115_CAR_2200000000059;-75744.0
202604;236_040_0115_CAR_2200000000684;-23.0
202604;236_040_0115_CAR_2200000009020;-1280.0
202604;236_040_0115_CAR_22D1000000016;-13938.94175
202604;236_040_0115_CAR_22D1000000904;-31791.52176
202604;236_040_0115_CAR_22D1000000907;-28166.0
202604;236_040_0115_CAR_22D1000002930;8.33333333333333e-05
202604;236_040_0115_CAR_22D5000000135;-12906.8003565073
202604;236_040_0115_CAR_2829000000532;-63953.0
202604;236_040_0115_CAR_2844000000001;-190017.0
202604;236_040_0115_CAR_28CC000000612;-45533.0
202604;236_040_0115_CAR_28CC000000613;-29678.0
202604;236_040_0115_CAR_28CC000000720;-828782.0
202604;236_040_0115_CAR_28CC000000724;-46329.0
202604;236_040_0115_CAR_28CC000000729;-3.02392758000684e-13
202604;236_040_0115_CAR_28CC000000730;205677.0
202604;236_040_0115_CAR_28CC000000733;-77406.0
202604;236_040_0115_CAR_28CC000003930;0.0083333333333333
202604;236_040_0115_CAR_28F1000000163;-2200.0
202604;236_040_0115_COM_1000000000015;2132.0
202604;236_040_0115_COM_1000000000057;456.0
202604;236_040_0115_COM_1000000000089;16138.0
202604;236_040_0115_COM_1000000000090;133.333333333333
202604;236_040_0115_COM_1000000000229;1615.0
202604;236_040_0115_COM_1000000000296;2363.0
202604;236_040_0115_COM_1000000000331;0.0002063906551595
202604;236_040_0115_COM_1000000000428;1491.0
202604;236_040_0115_COM_1000000000451;120703.0
202604;236_040_0115_COM_1000000006930;8.33333333333333e-05
202604;236_040_0115_COM_10C2000000054;103957.0
202604;236_040_0115_COM_10C2000000056;44525.0
202604;236_040_0115_COM_10C2000000350;21625.0
202604;236_040_0115_COM_10C2000000351;23815.0
202604;236_040_0115_COM_10C2000000353;3057480.0
202604;236_040_0115_COM_10C2000000355;-19845.0
202604;236_040_0115_COM_10C2000000856;18378.0
202604;236_040_0115_COM_2200000000049;-593.0
202604;236_040_0115_COM_22D1000000316;-2151.0559
202604;236_040_0115_COM_23D1000000704;-1532562.0
202604;236_040_0115_COM_2829000000109;-2580.0
202604;236_040_0115_COM_2829000000110;-14967.0
202604;236_040_0115_COM_2829000000112;-1606.0
202604;236_040_0115_COM_28CC000000613;-104988.0
202604;236_040_0115_COM_28CC000000720;-786489.0
202604;236_040_0115_COM_28CC000000724;-37358.0
202604;236_040_0115_COM_28F1000000163;-3522.42
202604;236_040_0115_POS_1000000000090;290218.0
202604;236_040_0115_POS_1000000000253;27335.0
202604;236_040_0115_POS_1000000000470;8.33333333333333e-05
202604;236_040_0115_POS_1000000000473;6468.83333333333
202604;236_040_0115_POS_1000000000510;7211.0
202604;236_040_0115_POS_10C2000000061;-470105.0
202604;236_040_0115_POS_10C2000000070;2175608.999999982
202604;236_040_0115_POS_10C2000000350;75694.0
202604;236_040_0115_POS_10C2000000353;16470377.000040134
202604;236_040_0115_POS_10C2000000355;-8239.0
202604;236_040_0115_POS_10D5000000087;3000.0
202604;236_040_0115_POS_10D5000000105;750.0
202604;236_040_0115_POS_10D5000000113;118362.5813
202604;236_040_0115_POS_10D5000000118;33383.72
202604;236_040_0115_POS_10P1000000027;8.33333333333333e-05
202604;236_040_0115_POS_10P1000000038;500.0
202604;236_040_0115_POS_10P1000001450;22789.0
202604;236_040_0115_POS_22D1000000216;-9357.09495
202604;236_040_0115_POS_22D1000000657;-56483.00002698001
202604;236_040_0115_POS_22D5000000002;-33750.0
202604;236_040_0115_POS_22D5000000300;-17307.0
202604;236_040_0115_POS_2300000000086;-1165.0
202604;236_040_0115_POS_23D1000000110;-7238.0
202604;236_040_0115_POS_23D1000000114;-15257.0
202604;236_040_0115_POS_23D1000000157;-614015.0
202604;236_040_0115_POS_23D1000000704;-7254830.999967557
202604;236_040_0115_POS_23D1000000706;-1314235.9999748548
202604;236_040_0115_POS_23D5000000324;-3957.59927883353
202604;236_040_0115_POS_2829000000589;-15258.0
202604;236_040_0115_POS_2895000000001;-145555.0
202604;236_040_0115_POS_28B1000001000;-24114.0
202604;236_040_0115_POS_28CC000000605;-2794.0
202604;236_040_0115_POS_28CC000000613;-578955.0
202604;236_040_0115_POS_28CC000000720;-3615646.0
202604;236_040_0115_POS_28CC000000724;-12875.0
202604;236_040_0115_POS_28CC000000726;-444734.0
202604;236_040_0115_POS_28CC000000731;-4291.0
202604;236_040_0115_POS_28F1000000163;-7700.0
202604;236_040_0120_0800000000031;-1080.608334
202604;236_040_0120_0800000000437;275577.89
202604;236_040_0120_0800000000440;98489.39338
202604;236_040_0120_1000000000004;93951.53069
202604;236_040_0120_1000000000005;10843.61787
202604;236_040_0120_1000000000017;77324.028
202604;236_040_0120_1000000000019;118863.1743
202604;236_040_0120_1000000000046;2537.990328
202604;236_040_0120_1000000000360;38008.8564
202604;236_040_0120_1000000000361;1201.287497
202604;236_040_0120_1000000000364;19407.79642
202604;236_040_0120_1000000005100;4384.15504
202604;236_040_0120_10D5000000307;5340.0
202604;236_040_0120_2200000000612;-29457.7088
202604;236_040_0120_2500000000009;62.0
202604;236_040_0120_2500000000012;8366.104132
202605;236_020_0040_0800000000008;4419.0
202605;236_020_0040_1000000000097;8396.1
202605;236_020_0040_1000000000120;5744.7
202605;236_020_0040_1000000000152;883.8
202605;236_020_0040_1000000000159;1767.6
202605;236_020_0040_1000000005110;11489.4
202605;236_020_0040_1000000005111;4419.0
202605;236_020_0040_10C1000000709;5041.07
202605;236_020_0040_10C3000000035;577888.05
202605;236_020_0040_10C3000000044;206225.51
202605;236_020_0040_10C3000000311;109986.94
202605;236_020_0040_10C3000000312;132900.89
202605;236_020_0040_10C3000000413;45827.89
202605;236_020_0040_10C3000009407;142066.47
202605;236_020_0040_10P1000000101;7512.3
202605;236_020_0040_1200000000017;28281.6
202605;236_020_0040_2200000000017;-215642.0
202605;236_020_0040_2200000000217;-44450.0
202605;236_020_0040_2200000001017;-127998.0
202605;236_020_0040_22D5000005100;-15908.0
202605;236_020_0043_0800000000405;-1767.6
202605;236_020_0043_1000000000010;23862.6
202605;236_020_0043_1000000000061;176.76
202605;236_020_0043_1000000000119;31374.9
202605;236_020_0043_1000000000120;22978.8
202605;236_020_0043_1000000000159;21211.2
202605;236_020_0043_1000000000240;362754.99
202605;236_020_0043_1000000000385;220.95
202605;236_020_0043_1000000000440;8.33333333333333e-05
202605;236_020_0043_10C1000000709;19443.6
202605;236_020_0043_10C3000000301;1424.3899999999999
202605;236_020_0043_10C3000000307;77442.77666200002
202605;236_020_0043_10C3000000308;46287.636625
202605;236_020_0043_10C3000000311;4896.32
202605;236_020_0043_10C3000000312;8011.32
202605;236_020_0043_10C3000000412;211409.8788305
202605;236_020_0043_10C3000000413;47177.783483800005
202605;236_020_0043_10D5000009456;160000.0
202605;236_020_0043_1200000000017;35352.0
202605;236_020_0043_22D5000000161;-2100.0
202605;236_020_0043_2300000000014;-1529.0
202605;236_020_0043_2300000000015;-62258.0
202605;236_020_0043_2300000000032;-6173.91
202605;236_020_0043_2300000000110;-164188.0
202605;236_020_0043_2300000005214;-13257.0
202605;236_020_0045_1000000000042;91666.67
202605;236_020_0045_1000000000059;14000.0
202605;236_020_0045_1000000000273;64861.27
202605;236_020_0045_1000000000350;1083.33333333333
202605;236_020_0045_1000000000476;3000.0
202605;236_020_0045_1000000000726;125.0
202605;236_020_0045_10P1000000193;83.33
202605;236_020_0045_2200000004608;-568.67
202605;236_020_0045_2200000009030;-36800.0
202605;236_020_0045_2200000009031;-52065.0
202605;236_020_0045_22D5000000003;-850.0
202605;236_020_0045_22D5000000004;-750.0
202605;236_020_0045_22D5000000458;-3583.33333
202605;236_020_0045_22F2000000065;8.33333333333333e-05
202605;236_020_0050_10B4000000015;8.33333333333333e-05
202605;236_020_0050_10B4000000016;-5833.33
202605;236_020_0050_10B4000000027;2916.67
202605;236_020_0050_10B4000000048;100000.0
202605;236_020_0050_10B4000001040;11500.0
202605;236_020_0050_10B4000001041;122985.08
202605;236_020_0050_10B4000001048;84000.0
202605;236_020_0050_10B4000001055;116875.0
202605;236_020_0050_10B4000001057;1528087.06
202605;236_020_0050_10B4000001059;1989117.5
202605;236_020_0050_10B4000001060;61379.66
202605;236_020_0050_10B4000001067;-125730.4
202605;236_020_0050_10B4000001069;-296554.77
202605;236_020_0050_10D5000000016;10541.67
202605;236_020_0050_10D5000000264;20535.0
202605;236_020_0050_10D5000000566;31873.0
202605;236_020_0050_10D5000007307;7889.0
202605;236_020_0050_22D5000009482;-18997.26027
202605;236_020_0050_2300000000029;-6428.6
202605;236_020_0050_2300000000030;-42668.42
202605;236_020_0055_GP;545015.130881177
202605;236_020_0060_1000000000505;8.33333333333333e-05
202605;236_020_0060_10B4000000009;222.07
202605;236_020_0060_10B4000000012;62.5
202605;236_020_0060_10B4000000018;68717.72
202605;236_020_0060_10B4000000019;66022.91
202605;236_020_0060_10B4000000020;17640.0
202605;236_020_0060_10B4000000103;51165.19
202605;236_020_0060_10B4000000105;72817.92
202605;236_020_0060_10B4000000107;32571.0
202605;236_020_0060_10B4000000111;81677.92
202605;236_020_0060_10B4000000112;162680.81
202605;236_020_0060_10B4000000279;732298.49
202605;236_020_0060_10B4000000281;5833.0
202605;236_020_0060_10B4000001181;147268.92
202605;236_020_0060_10B4000001189;10000.0
202605;236_020_0060_10B4000001190;1750.0
202605;236_020_0060_10B4000001192;255126.32
202605;236_020_0060_10B4000001197;106087.42
202605;236_020_0060_10B4000001200;208.0
202605;236_020_0060_10B4000002185;10833.0
202605;236_020_0060_10B4000005178;22009.78
202605;236_020_0060_10B4ASS002930;-13333.0
202605;236_020_0060_2200000000011;-5287.0
202605;236_020_0060_2300000000033;-29010.0
202605;236_020_0065_1000000000303;8333.33
202605;236_020_0065_1000000000427;1250.0
202605;236_020_0065_10B4000000004;418071.24
202605;236_020_0065_10B4000000005;477585.61
202605;236_020_0065_10B4000000013;-12500.0
202605;236_020_0065_10B4000000014;-6666.67
202605;236_020_0065_10B4000001067;125730.4
202605;236_020_0065_10B4000001069;296554.77
202605;236_020_0065_10B4000001640;-1666.67
202605;236_020_0065_2300000000036;-11173.14
202605;236_020_0065_2300000000084;8.33333333333333e-05
202605;236_020_0065_2500000000013;7500.0
202605;236_020_0065_2500000001013;1250.0
202605;236_020_0070_0800000000021;6583.333333
202605;236_020_0070_0800000000025;-19761.0
202605;236_020_0070_0800000000030;18044.0
202605;236_020_0070_0800000000432;270517.0
202605;236_020_0070_0800000000442;-16666.6666666667
202605;236_020_0070_0800000001378;3249.0
202605;236_020_0070_0800000002378;69750.0
202605;236_020_0070_0800000003378;62750.0
202605;236_020_0070_1000000000251;1250.0
202605;236_020_0070_1000000000363;5000.0
202605;236_020_0070_2811000000644;-1275.00001341105
202605;236_040_0110_1000000000011;15361.0
202605;236_040_0110_1000000000012;468.0
202605;236_040_0110_1000000000053;376318.0
202605;236_040_0110_1000000000060;20533.0
202605;236_040_0110_1000000000078;3170.0
202605;236_040_0110_1000000000081;12447.0
202605;236_040_0110_1000000000082;33791.0
202605;236_040_0110_1000000000083;71702.0
202605;236_040_0110_1000000000084;78435.0
202605;236_040_0110_1000000000128;93526.0
202605;236_040_0110_1000000000167;537342.0
202605;236_040_0110_1000000000188;998.0
202605;236_040_0110_1000000000200;65145.0
202605;236_040_0110_1000000000220;35000.0
202605;236_040_0110_1000000000221;357039.0
202605;236_040_0110_1000000000271;19121.0
202605;236_040_0110_1000000000299;919.0
202605;236_040_0110_1000000000301;320637.0
202605;236_040_0110_1000000000306;124828.0
202605;236_040_0110_1000000000332;7374.0
202605;236_040_0110_1000000000409;7400.0
202605;236_040_0110_1000000000410;7685.0
202605;236_040_0110_1000000000434;271046.0
202605;236_040_0110_1000000000465;944.0
202605;236_040_0110_1000000000597;58922.0
202605;236_040_0110_2200000000060;-11586.0
202605;236_040_0110_2200000000095;-55107.0
202605;236_040_0110_2200000000100;-2060.0
202605;236_040_0110_2200000000220;-37576.0
202605;236_040_0110_2200000000606;-478.0
202605;236_040_0110_2200000000615;-21.0
202605;236_040_0110_2200000000616;-3126.0
202605;236_040_0110_2500000000012;10569.0
202605;236_040_0110_2500000000424;16611.0
202605;236_040_0110_2500000000544;29076.0
202605;236_040_0110_2500000000545;191.0
202605;236_040_0110_2500000001100;568.0
202605;236_040_0110_2829000000110;-185280.0
202605;236_040_0110_2894000000081;-7846.0
202605;236_040_0110_28D5000000070;-52882.0
202605;236_040_0110_28D5000000162;-11419.0
202605;236_040_0110_28D5000000568;-4833.33333333333
202605;236_040_0110_28D5000000588;-270.0
202605;236_040_0110_28F1000000163;-1122.73333333333
202605;236_040_0115_ATM_1000000000130;183.9633028
202605;236_040_0115_ATM_1000000000448;25399.0115
202605;236_040_0115_ATM_10C2000000159;108517.9295
202605;236_040_0115_ATM_10D5000007065;2475.0
202605;236_040_0115_ATM_22D1000000010;-2.245
202605;236_040_0115_ATM_2300000005203;-13.0
202605;236_040_0115_ATM_2881000000584;-2972.602548
202605;236_040_0115_ATM_28CC000000720;-94363.41693
202605;236_040_0115_ATM_28CC000000724;-127.8333333
202605;236_040_0115_CAR_0800000000013;1461.0
202605;236_040_0115_CAR_1000000000073;9.99308413573825e-14
202605;236_040_0115_CAR_1000000000074;173015.0
202605;236_040_0115_CAR_1000000000096;416376.0
202605;236_040_0115_CAR_1000000000302;30195.0
202605;236_040_0115_CAR_10C2000000058;264020.0
202605;236_040_0115_CAR_10C2000000127;413.0
202605;236_040_0115_CAR_10C2000000128;79259.0
202605;236_040_0115_CAR_10C2000000129;431.0
202605;236_040_0115_CAR_10C2000000135;15008.0
202605;236_040_0115_CAR_10C2000000354;1868252.0
202605;236_040_0115_CAR_10C2000000357;450454.0
202605;236_040_0115_CAR_10C2000000358;241065.0
202605;236_040_0115_CAR_10C2000000360;384745.0
202605;236_040_0115_CAR_10P1000000031;13379.0
202605;236_040_0115_CAR_10P1000000195;-1.43632777859266e-13
202605;236_040_0115_CAR_10P2000000010;4844.0
202605;236_040_0115_CAR_2200000000059;-86203.0
202605;236_040_0115_CAR_2200000000684;-21.0
202605;236_040_0115_CAR_2200000009020;-1280.0
202605;236_040_0115_CAR_22D1000000016;-13938.94175
202605;236_040_0115_CAR_22D1000000904;-31791.52176
202605;236_040_0115_CAR_22D1000000907;-28459.0
202605;236_040_0115_CAR_22D1000002930;8.33333333333333e-05
202605;236_040_0115_CAR_22D5000000135;-13379.0001407266
202605;236_040_0115_CAR_23D1000000110;-3372.0
202605;236_040_0115_CAR_2829000000532;-23134.0
202605;236_040_0115_CAR_2844000000001;-203088.0
202605;236_040_0115_CAR_28CC000000612;-48872.0
202605;236_040_0115_CAR_28CC000000613;-31549.0
202605;236_040_0115_CAR_28CC000000720;-829030.0
202605;236_040_0115_CAR_28CC000000724;-49412.0
202605;236_040_0115_CAR_28CC000000729;-3.02392758000684e-13
202605;236_040_0115_CAR_28CC000000730;214485.0
202605;236_040_0115_CAR_28CC000000733;-82285.0
202605;236_040_0115_CAR_28CC000003930;0.0083333333333333
202605;236_040_0115_CAR_28F1000000163;-2200.0
202605;236_040_0115_COM_1000000000015;2603.0
202605;236_040_0115_COM_1000000000057;597.0
202605;236_040_0115_COM_1000000000089;17377.0
202605;236_040_0115_COM_1000000000090;133.333333333333
202605;236_040_0115_COM_1000000000229;3957.0
202605;236_040_0115_COM_1000000000296;2325.0
202605;236_040_0115_COM_1000000000331;0.0002063906551595
202605;236_040_0115_COM_1000000000428;1863.0
202605;236_040_0115_COM_1000000000451;134557.0
202605;236_040_0115_COM_1000000006930;8.33333333333333e-05
202605;236_040_0115_COM_10C2000000054;127540.0
202605;236_040_0115_COM_10C2000000056;50090.0
202605;236_040_0115_COM_10C2000000350;25397.0
202605;236_040_0115_COM_10C2000000351;26474.0
202605;236_040_0115_COM_10C2000000353;3374630.0
202605;236_040_0115_COM_10C2000000355;-20131.0
202605;236_040_0115_COM_10C2000000856;17940.0
202605;236_040_0115_COM_2200000000049;-562.0
202605;236_040_0115_COM_22D1000000316;-2151.0559
202605;236_040_0115_COM_23D1000000704;-1677381.0
202605;236_040_0115_COM_2829000000109;-2744.0
202605;236_040_0115_COM_2829000000110;-16685.0
202605;236_040_0115_COM_2829000000112;-1660.0
202605;236_040_0115_COM_28CC000000613;-106339.0
202605;236_040_0115_COM_28CC000000720;-950475.0
202605;236_040_0115_COM_28CC000000724;-38938.0
202605;236_040_0115_COM_28F1000000163;-3522.42
202605;236_040_0115_POS_1000000000090;400260.0
202605;236_040_0115_POS_1000000000253;23006.0
202605;236_040_0115_POS_1000000000470;8.33333333333333e-05
202605;236_040_0115_POS_1000000000473;6468.83333333333
202605;236_040_0115_POS_1000000000510;11472.0
202605;236_040_0115_POS_10C2000000061;-498323.0
202605;236_040_0115_POS_10C2000000070;2287581.999999969
202605;236_040_0115_POS_10C2000000350;88388.0
202605;236_040_0115_POS_10C2000000353;18524952.999963928
202605;236_040_0115_POS_10C2000000355;-8734.0
202605;236_040_0115_POS_10D5000000087;3000.0
202605;236_040_0115_POS_10D5000000105;750.0
202605;236_040_0115_POS_10D5000000113;117907.2159
202605;236_040_0115_POS_10D5000000118;33255.33
202605;236_040_0115_POS_10P1000000027;8.33333333333333e-05
202605;236_040_0115_POS_10P1000000038;500.0
202605;236_040_0115_POS_10P1000001450;34273.0
202605;236_040_0115_POS_22D1000000216;-9357.09495
202605;236_040_0115_POS_22D1000000657;-52057.000006159586
202605;236_040_0115_POS_22D5000000002;-33750.0
202605;236_040_0115_POS_22D5000000300;-17307.0
202605;236_040_0115_POS_2300000000086;-1833.0
202605;236_040_0115_POS_23D1000000110;-7130.0
202605;236_040_0115_POS_23D1000000114;-12168.0
202605;236_040_0115_POS_23D1000000157;-697253.0
202605;236_040_0115_POS_23D1000000704;-8195500.000032261
202605;236_040_0115_POS_23D1000000706;-1383735.0000109603
202605;236_040_0115_POS_23D5000000324;-4536.42340601837
202605;236_040_0115_POS_2829000000589;-15766.0
202605;236_040_0115_POS_2895000000001;-149039.0
202605;236_040_0115_POS_28B1000001000;-17635.0
202605;236_040_0115_POS_28CC000000605;-2284.0
202605;236_040_0115_POS_28CC000000613;-617993.0
202605;236_040_0115_POS_28CC000000720;-3935526.0
202605;236_040_0115_POS_28CC000000724;-14235.0
202605;236_040_0115_POS_28CC000000726;-446401.0
202605;236_040_0115_POS_28CC000000731;-7034.0
202605;236_040_0115_POS_28F1000000163;-7700.0
202605;236_040_0120_0800000000031;-543.8169053
202605;236_040_0120_0800000000437;253361.29
202605;236_040_0120_0800000000440;87372.35681
202605;236_040_0120_1000000000004;99810.92263
202605;236_040_0120_1000000000005;8444.756412
202605;236_040_0120_1000000000017;65084.964
202605;236_040_0120_1000000000019;119532.6927
202605;236_040_0120_1000000000046;2702.418055
202605;236_040_0120_1000000000360;34766.06745
202605;236_040_0120_1000000000361;2113.322526
202605;236_040_0120_1000000000364;19816.1095
202605;236_040_0120_1000000005100;3693.68512
202605;236_040_0120_10D5000000307;5551.2
202605;236_040_0120_2200000000612;-31403.9128
202605;236_040_0120_2500000000009;248.0
202605;236_040_0120_2500000000012;6643.459002
202606;236_020_0040_0800000000008;4283.0
202606;236_020_0040_1000000000097;8136.75
202606;236_020_0040_1000000000120;5567.25
202606;236_020_0040_1000000000152;856.5
202606;236_020_0040_1000000000159;1713.0
202606;236_020_0040_1000000005110;11134.5
202606;236_020_0040_1000000005111;4282.5
202606;236_020_0040_10C1000000709;4885.35
202606;236_020_0040_10C3000000035;560023.81
202606;236_020_0040_10C3000000044;199855.34
202606;236_020_0040_10C3000000311;106589.52
202606;236_020_0040_10C3000000312;128795.67
202606;236_020_0040_10C3000000413;44412.3
202606;236_020_0040_10C3000009407;137678.13
202606;236_020_0040_10P1000000101;7280.25
202606;236_020_0040_1200000000017;27408.0
202606;236_020_0040_2200000000017;-208981.0
202606;236_020_0040_2200000000217;-43077.0
202606;236_020_0040_2200000001017;-124045.0
202606;236_020_0040_22D5000005100;-13417.0
202606;236_020_0043_0800000000405;-1713.0
202606;236_020_0043_1000000000010;23125.5
202606;236_020_0043_1000000000061;171.3
202606;236_020_0043_1000000000119;30405.75
202606;236_020_0043_1000000000120;22269.0
202606;236_020_0043_1000000000159;20556.0
202606;236_020_0043_1000000000240;303610.16
202606;236_020_0043_1000000000385;214.13
202606;236_020_0043_1000000000440;8.33333333333333e-05
202606;236_020_0043_10C1000000709;18842.989999999998
202606;236_020_0043_10C3000000301;1380.3288648000002
202606;236_020_0043_10C3000000307;75050.620289
202606;236_020_0043_10C3000000308;44857.842012999994
202606;236_020_0043_10C3000000311;4745.08
202606;236_020_0043_10C3000000312;7763.86
202606;236_020_0043_10C3000000412;204879.5669046
202606;236_020_0043_10C3000000413;45720.4928251
202606;236_020_0043_10D5000009456;160000.0
202606;236_020_0043_1200000000017;34260.0
202606;236_020_0043_22D5000000161;-2100.0
202606;236_020_0043_2300000000014;-1481.0
202606;236_020_0043_2300000000015;-60335.0
202606;236_020_0043_2300000000032;-5983.2
202606;236_020_0043_2300000000110;-159116.0
202606;236_020_0043_2300000005214;-12847.5
202606;236_020_0045_1000000000042;91666.67
202606;236_020_0045_1000000000059;14000.0
202606;236_020_0045_1000000000273;54286.06
202606;236_020_0045_1000000000350;1083.33333333333
202606;236_020_0045_1000000000476;3000.0
202606;236_020_0045_1000000000726;125.0
202606;236_020_0045_10P1000000193;83.33
202606;236_020_0045_2200000004608;-568.67
202606;236_020_0045_2200000009030;-36800.0
202606;236_020_0045_2200000009031;-52065.0
202606;236_020_0045_22D5000000003;-850.0
202606;236_020_0045_22D5000000004;-750.0
202606;236_020_0045_22D5000000458;-3583.33333
202606;236_020_0045_22F2000000065;8.33333333333333e-05
202606;236_020_0050_10B4000000015;8.33333333333333e-05
202606;236_020_0050_10B4000000016;-5833.33
202606;236_020_0050_10B4000000027;2916.67
202606;236_020_0050_10B4000000048;75000.0
202606;236_020_0050_10B4000001040;11500.0
202606;236_020_0050_10B4000001041;119664.36
202606;236_020_0050_10B4000001048;75612.0
202606;236_020_0050_10B4000001055;105187.5
202606;236_020_0050_10B4000001057;1494020.32
202606;236_020_0050_10B4000001059;1942464.29
202606;236_020_0050_10B4000001060;61414.13
202606;236_020_0050_10B4000001067;-125533.68
202606;236_020_0050_10B4000001069;-290671.74
202606;236_020_0050_10D5000000016;10541.67
202606;236_020_0050_10D5000000264;21141.0
202606;236_020_0050_10D5000000566;30845.0
202606;236_020_0050_10D5000007307;7889.0
202606;236_020_0050_22D5000009482;-18487.67123
202606;236_020_0050_2300000000029;-6428.6
202606;236_020_0050_2300000000030;-42668.42
202606;236_020_0055_GP;529981.335441177
202606;236_020_0060_1000000000505;8.33333333333333e-05
202606;236_020_0060_10B4000000009;214.91
202606;236_020_0060_10B4000000012;62.5
202606;236_020_0060_10B4000000018;71412.98
202606;236_020_0060_10B4000000019;68612.47
202606;236_020_0060_10B4000000020;13650.0
202606;236_020_0060_10B4000000103;49514.7
202606;236_020_0060_10B4000000105;73029.6
202606;236_020_0060_10B4000000107;32571.0
202606;236_020_0060_10B4000000111;65483.01
202606;236_020_0060_10B4000000112;159920.24
202606;236_020_0060_10B4000000279;709611.74
202606;236_020_0060_10B4000000281;5834.0
202606;236_020_0060_10B4000001181;145938.49
202606;236_020_0060_10B4000001189;10000.0
202606;236_020_0060_10B4000001190;29250.0
202606;236_020_0060_10B4000001192;249040.64
202606;236_020_0060_10B4000001197;85052.64
202606;236_020_0060_10B4000001200;209.0
202606;236_020_0060_10B4000001201;500.0
202606;236_020_0060_10B4000002185;10834.0
202606;236_020_0060_10B4000005178;20778.09
202606;236_020_0060_10B4ASS002930;-13334.0
202606;236_020_0060_2200000000011;-5287.0
202606;236_020_0060_2300000000033;-29009.0
202606;236_020_0065_1000000000303;8333.33
202606;236_020_0065_1000000000427;1250.0
202606;236_020_0065_10B4000000004;415524.99
202606;236_020_0065_10B4000000005;469714.98
202606;236_020_0065_10B4000000013;-12500.0
202606;236_020_0065_10B4000000014;-6666.67
202606;236_020_0065_10B4000001067;125533.68
202606;236_020_0065_10B4000001069;290671.74
202606;236_020_0065_10B4000001640;-1666.67
202606;236_020_0065_2300000000036;-11173.14
202606;236_020_0065_2300000000084;8.33333333333333e-05
202606;236_020_0065_2500000000013;165000.0
202606;236_020_0065_2500000001013;1250.0
202606;236_020_0070_0800000000021;6583.333333
202606;236_020_0070_0800000000025;-19761.0
202606;236_020_0070_0800000000030;18044.0
202606;236_020_0070_0800000000432;270517.0
202606;236_020_0070_0800000000442;-16666.6666666667
202606;236_020_0070_0800000001378;3249.0
202606;236_020_0070_0800000002378;69750.0
202606;236_020_0070_0800000003378;62750.0
202606;236_020_0070_1000000000251;1250.0
202606;236_020_0070_1000000000363;5000.0
202606;236_020_0070_2811000000644;-1230.00003397465
202606;236_040_0110_1000000000011;15438.0
202606;236_040_0110_1000000000012;386.0
202606;236_040_0110_1000000000053;346554.0
202606;236_040_0110_1000000000060;20742.0
202606;236_040_0110_1000000000078;3684.0
202606;236_040_0110_1000000000081;11810.0
202606;236_040_0110_1000000000082;32494.0
202606;236_040_0110_1000000000083;73058.0
202606;236_040_0110_1000000000084;75370.0
202606;236_040_0110_1000000000128;87570.0
202606;236_040_0110_1000000000167;530874.0
202606;236_040_0110_1000000000188;892.0
202606;236_040_0110_1000000000200;63710.0
202606;236_040_0110_1000000000220;35000.0
202606;236_040_0110_1000000000221;360345.0
202606;236_040_0110_1000000000271;19194.0
202606;236_040_0110_1000000000299;935.0
202606;236_040_0110_1000000000301;346998.0
202606;236_040_0110_1000000000306;236092.0
202606;236_040_0110_1000000000332;7453.0
202606;236_040_0110_1000000000409;7400.0
202606;236_040_0110_1000000000410;10061.0
202606;236_040_0110_1000000000434;270201.0
202606;236_040_0110_1000000000465;340.0
202606;236_040_0110_1000000000597;53528.0
202606;236_040_0110_2200000000060;-11729.0
202606;236_040_0110_2200000000095;-63596.0
202606;236_040_0110_2200000000100;-2096.0
202606;236_040_0110_2200000000220;-37576.0
202606;236_040_0110_2200000000606;-243.0
202606;236_040_0110_2200000000615;-16.0
202606;236_040_0110_2200000000616;-3126.0
202606;236_040_0110_2500000000012;10198.0
202606;236_040_0110_2500000000424;15090.0
202606;236_040_0110_2500000000544;16282.0
202606;236_040_0110_2500000000545;42.0
202606;236_040_0110_2500000001100;368.0
202606;236_040_0110_2829000000110;-170027.0
202606;236_040_0110_2894000000081;-7643.0
202606;236_040_0110_28D5000000070;-52882.0
202606;236_040_0110_28D5000000162;-11419.0
202606;236_040_0110_28D5000000568;-4833.33333333333
202606;236_040_0110_28D5000000588;-270.0
202606;236_040_0110_28F1000000163;-1122.73333333333
202606;236_040_0115_ATM_1000000000130;153.3027523
202606;236_040_0115_ATM_1000000000448;24502.5335
202606;236_040_0115_ATM_10C2000000159;116164.3269
202606;236_040_0115_ATM_10D5000007065;2475.0
202606;236_040_0115_ATM_22D1000000010;-2.245
202606;236_040_0115_ATM_2300000005203;-13.0
202606;236_040_0115_ATM_2881000000584;-2876.712466
202606;236_040_0115_ATM_28CC000000720;-101012.4582
202606;236_040_0115_ATM_28CC000000724;-127.8333333
202606;236_040_0115_CAR_0800000000013;1538.0
202606;236_040_0115_CAR_1000000000073;9.99308413573825e-14
202606;236_040_0115_CAR_1000000000074;172975.0
202606;236_040_0115_CAR_1000000000096;418099.0
202606;236_040_0115_CAR_1000000000302;30409.0
202606;236_040_0115_CAR_10C2000000058;237416.0
202606;236_040_0115_CAR_10C2000000127;413.0
202606;236_040_0115_CAR_10C2000000128;62484.0
202606;236_040_0115_CAR_10C2000000129;346.0
202606;236_040_0115_CAR_10C2000000135;14696.0
202606;236_040_0115_CAR_10C2000000354;1878273.0
202606;236_040_0115_CAR_10C2000000357;428521.0
202606;236_040_0115_CAR_10C2000000358;243518.0
202606;236_040_0115_CAR_10C2000000360;386493.0
202606;236_040_0115_CAR_10P1000000031;12450.0
202606;236_040_0115_CAR_10P1000000195;-1.43632777859266e-13
202606;236_040_0115_CAR_10P2000000010;4692.0
202606;236_040_0115_CAR_2200000000059;-85569.0
202606;236_040_0115_CAR_2200000000684;-21.0
202606;236_040_0115_CAR_2200000009020;-1280.0
202606;236_040_0115_CAR_22D1000000016;-13938.94175
202606;236_040_0115_CAR_22D1000000904;-31791.52176
202606;236_040_0115_CAR_22D1000000907;-24702.0
202606;236_040_0115_CAR_22D1000002930;8.33333333333333e-05
202606;236_040_0115_CAR_22D5000000135;-12906.8003565073
202606;236_040_0115_CAR_2829000000532;-22306.0
202606;236_040_0115_CAR_2844000000001;-210070.0
202606;236_040_0115_CAR_28CC000000612;-49425.0
202606;236_040_0115_CAR_28CC000000613;-31672.0
202606;236_040_0115_CAR_28CC000000720;-838333.0
202606;236_040_0115_CAR_28CC000000724;-49967.0
202606;236_040_0115_CAR_28CC000000729;-3.02392758000684e-13
202606;236_040_0115_CAR_28CC000000730;206572.0
202606;236_040_0115_CAR_28CC000000733;-82605.0
202606;236_040_0115_CAR_28CC000003930;0.0083333333333333
202606;236_040_0115_CAR_28F1000000163;-2200.0
202606;236_040_0115_COM_1000000000015;1875.0
202606;236_040_0115_COM_1000000000057;-742.0
202606;236_040_0115_COM_1000000000089;15792.0
202606;236_040_0115_COM_1000000000090;133.333333333333
202606;236_040_0115_COM_1000000000229;801.0
202606;236_040_0115_COM_1000000000296;2753.0
202606;236_040_0115_COM_1000000000331;544.0002063906552
202606;236_040_0115_COM_1000000000428;2857.0
202606;236_040_0115_COM_1000000000451;131020.0
202606;236_040_0115_COM_1000000006930;8.33333333333333e-05
202606;236_040_0115_COM_10C2000000054;115604.0
202606;236_040_0115_COM_10C2000000056;53183.0
202606;236_040_0115_COM_10C2000000350;23827.0
202606;236_040_0115_COM_10C2000000351;30976.0
202606;236_040_0115_COM_10C2000000353;3279390.0
202606;236_040_0115_COM_10C2000000355;-17851.0
202606;236_040_0115_COM_10C2000000856;13081.0
202606;236_040_0115_COM_2200000000049;-584.0
202606;236_040_0115_COM_22D1000000316;-2151.0559
202606;236_040_0115_COM_23D1000000704;-1641552.0
202606;236_040_0115_COM_2829000000109;-2285.0
202606;236_040_0115_COM_2829000000110;-16246.0
202606;236_040_0115_COM_2829000000112;-1606.0
202606;236_040_0115_COM_28CC000000613;-103892.0
202606;236_040_0115_COM_28CC000000720;-979569.0
202606;236_040_0115_COM_28CC000000724;-39198.0
202606;236_040_0115_COM_28F1000000163;-3522.42
202606;236_040_0115_POS_1000000000090;430012.0
202606;236_040_0115_POS_1000000000253;22915.0
202606;236_040_0115_POS_1000000000470;8.33333333333333e-05
202606;236_040_0115_POS_1000000000473;6468.83333333333
202606;236_040_0115_POS_1000000000510;12651.0
202606;236_040_0115_POS_10C2000000061;-514596.0
202606;236_040_0115_POS_10C2000000070;2268589.0
202606;236_040_0115_POS_10C2000000350;95223.0
202606;236_040_0115_POS_10C2000000353;19227464.99993791
202606;236_040_0115_POS_10C2000000355;-9019.0
202606;236_040_0115_POS_10D5000000087;3000.0
202606;236_040_0115_POS_10D5000000105;750.0
202606;236_040_0115_POS_10D5000000113;117456.8144
202606;236_040_0115_POS_10D5000000118;33128.6
202606;236_040_0115_POS_10P1000000027;8.33333333333333e-05
202606;236_040_0115_POS_10P1000000038;500.0
202606;236_040_0115_POS_10P1000001450;33008.0
202606;236_040_0115_POS_22D1000000216;-9357.09495
202606;236_040_0115_POS_22D1000000657;-50173.999997301755
202606;236_040_0115_POS_22D5000000002;-33750.0
202606;236_040_0115_POS_22D5000000300;-17307.0
202606;236_040_0115_POS_2300000000086;-2001.0
202606;236_040_0115_POS_23D1000000110;-4955.0
202606;236_040_0115_POS_23D1000000114;-11548.0
202606;236_040_0115_POS_23D1000000157;-726996.0
202606;236_040_0115_POS_23D1000000704;-8467693.000050992
202606;236_040_0115_POS_23D1000000706;-1365010.8901047055
202606;236_040_0115_POS_23D5000000324;-5199.80343320249
202606;236_040_0115_POS_2829000000589;-15258.0
202606;236_040_0115_POS_2895000000001;-149013.0
202606;236_040_0115_POS_28B1000001000;-38279.0
202606;236_040_0115_POS_28CC000000605;-2043.0
202606;236_040_0115_POS_28CC000000613;-614908.0
202606;236_040_0115_POS_28CC000000720;-4058059.0
202606;236_040_0115_POS_28CC000000724;-14668.0
202606;236_040_0115_POS_28CC000000726;-455987.0
202606;236_040_0115_POS_28CC000000731;-3445.0
202606;236_040_0115_POS_28F1000000163;-7700.0
202606;236_040_0120_0800000000031;-203.9775005
202606;236_040_0120_0800000000437;259763.59
202606;236_040_0120_0800000000440;96780.29844
202606;236_040_0120_1000000000004;85087.57184
202606;236_040_0120_1000000000005;7035.587505
202606;236_040_0120_1000000000017;66838.044
202606;236_040_0120_1000000000019;123079.3567
202606;236_040_0120_1000000000046;2702.418055
202606;236_040_0120_1000000000360;36804.05711
202606;236_040_0120_1000000000361;3129.20914
202606;236_040_0120_1000000000364;21328.1489
202606;236_040_0120_1000000005100;3435.30096
202606;236_040_0120_10D5000000307;5774.4
202606;236_040_0120_2200000000612;-30494.0168
202606;236_040_0120_2500000000009;217.0
202606;236_040_0120_2500000000012;6272.457082
202607;236_020_0040_0800000000008;3842.0
202607;236_020_0040_1000000000097;7298.85
202607;236_020_0040_1000000000120;4993.95
202607;236_020_0040_1000000000152;768.3
202607;236_020_0040_1000000000159;1536.6
202607;236_020_0040_1000000005110;9987.9
202607;236_020_0040_1000000005111;3841.5
202607;236_020_0040_10C1000000709;4382.27
202607;236_020_0040_10C3000000035;502366.09
202607;236_020_0040_10C3000000044;179274.79
202607;236_020_0040_10C3000000311;95613.22
202607;236_020_0040_10C3000000312;115532.65
202607;236_020_0040_10C3000000413;39838.84
202607;236_020_0040_10C3000009407;123500.41
202607;236_020_0040_10P1000000101;6530.55
202607;236_020_0040_1200000000017;24585.6
202607;236_020_0040_2200000000017;-187461.0
202607;236_020_0040_2200000000217;-38641.0
202607;236_020_0040_2200000001017;-111271.0
202607;236_020_0040_22D5000005100;-11829.0
202607;236_020_0043_0800000000405;-1536.6
202607;236_020_0043_1000000000010;20744.1
202607;236_020_0043_1000000000061;153.66
202607;236_020_0043_1000000000119;27274.65
202607;236_020_0043_1000000000120;19975.8
202607;236_020_0043_1000000000159;18439.2
202607;236_020_0043_1000000000240;287838.2
202607;236_020_0043_1000000000385;192.08
202607;236_020_0043_1000000000440;8.33333333333333e-05
202607;236_020_0043_10C1000000709;16901.760000000002
202607;236_020_0043_10C3000000301;1238.23
202607;236_020_0043_10C3000000307;67322.115082
202607;236_020_0043_10C3000000308;40238.505563000006
202607;236_020_0043_10C3000000311;4256.44
202607;236_020_0043_10C3000000312;6964.36
202607;236_020_0043_10C3000000412;183781.63598639998
202607;236_020_0043_10C3000000413;41012.322983399994
202607;236_020_0043_10D5000009456;160000.0
202607;236_020_0043_1200000000017;30732.0
202607;236_020_0043_22D5000000161;-2100.0
202607;236_020_0043_2300000000014;-1329.0
202607;236_020_0043_2300000000015;-54122.0
202607;236_020_0043_2300000000032;-5367.07
202607;236_020_0043_2300000000110;-142731.0
202607;236_020_0043_2300000005214;-11524.5
202607;236_020_0045_1000000000042;91666.67
202607;236_020_0045_1000000000059;14000.0
202607;236_020_0045_1000000000273;51466.01
202607;236_020_0045_1000000000350;1083.33333333333
202607;236_020_0045_1000000000476;3000.0
202607;236_020_0045_1000000000726;125.0
202607;236_020_0045_10P1000000193;83.33
202607;236_020_0045_2200000004608;-568.67
202607;236_020_0045_2200000009030;-36800.0
202607;236_020_0045_2200000009031;-52065.0
202607;236_020_0045_22D5000000003;-850.0
202607;236_020_0045_22D5000000004;-750.0
202607;236_020_0045_22D5000000458;-3583.33333
202607;236_020_0045_22F2000000065;8.33333333333333e-05
202607;236_020_0050_10B4000000015;8.33333333333333e-05
202607;236_020_0050_10B4000000016;-5833.33
202607;236_020_0050_10B4000000027;2916.67
202607;236_020_0050_10B4000001040;11500.0
202607;236_020_0050_10B4000001041;124161.28
202607;236_020_0050_10B4000001048;67200.0
202607;236_020_0050_10B4000001055;93500.0
202607;236_020_0050_10B4000001057;1557330.53
202607;236_020_0050_10B4000001059;2023403.25
202607;236_020_0050_10B4000001060;65319.54
202607;236_020_0050_10B4000001067;-133705.88
202607;236_020_0050_10B4000001069;-304166.82
202607;236_020_0050_10D5000000016;10541.67
202607;236_020_0050_10D5000000264;23147.0
202607;236_020_0050_10D5000000566;31873.0
202607;236_020_0050_10D5000007307;7889.0
202607;236_020_0050_22D5000009482;-18997.26027
202607;236_020_0050_2300000000029;-6428.6
202607;236_020_0050_2300000000030;-42668.42
202607;236_020_0055_GP;550217.428481177
202607;236_020_0060_1000000000505;8.33333333333333e-05
202607;236_020_0060_10B4000000009;222.07
202607;236_020_0060_10B4000000012;62.5
202607;236_020_0060_10B4000000018;69492.63
202607;236_020_0060_10B4000000019;66767.43
202607;236_020_0060_10B4000000020;11040.0
202607;236_020_0060_10B4000000103;51165.19
202607;236_020_0060_10B4000000105;73029.6
202607;236_020_0060_10B4000000107;32571.0
202607;236_020_0060_10B4000000111;65592.8
202607;236_020_0060_10B4000000112;167342.87
202607;236_020_0060_10B4000000279;734043.99
202607;236_020_0060_10B4000000281;5833.0
202607;236_020_0060_10B4000001181;144881.13
202607;236_020_0060_10B4000001189;10000.0
202607;236_020_0060_10B4000001190;1750.0
202607;236_020_0060_10B4000001192;259117.29
202607;236_020_0060_10B4000001197;85195.24
202607;236_020_0060_10B4000001200;208.0
202607;236_020_0060_10B4000002185;10833.0
202607;236_020_0060_10B4000005178;20931.61
202607;236_020_0060_10B4ASS002930;-13333.0
202607;236_020_0060_2200000000011;-5287.0
202607;236_020_0060_2300000000033;-29010.0
202607;236_020_0065_1000000000303;8333.33
202607;236_020_0065_1000000000427;1250.0
202607;236_020_0065_10B4000000004;437789.39
202607;236_020_0065_10B4000000005;491168.27
202607;236_020_0065_10B4000000013;-12500.0
202607;236_020_0065_10B4000000014;-6666.67
202607;236_020_0065_10B4000001067;133705.88
202607;236_020_0065_10B4000001069;304166.82
202607;236_020_0065_10B4000001640;-1666.67
202607;236_020_0065_2300000000036;-11173.14
202607;236_020_0065_2300000000084;8.33333333333333e-05
202607;236_020_0065_2500000000013;7500.0
202607;236_020_0065_2500000001013;1250.0
202607;236_020_0070_0800000000021;6583.333333
202607;236_020_0070_0800000000025;-19761.0
202607;236_020_0070_0800000000030;18044.0
202607;236_020_0070_0800000000432;270517.0
202607;236_020_0070_0800000000442;-16666.6666666667
202607;236_020_0070_0800000001378;3249.0
202607;236_020_0070_0800000002378;69750.0
202607;236_020_0070_0800000003378;62750.0
202607;236_020_0070_1000000000251;1250.0
202607;236_020_0070_1000000000363;5000.0
202607;236_020_0070_2811000000644;-1275.00001341105
202607;236_040_0110_1000000000011;15360.0
202607;236_040_0110_1000000000012;343.0
202607;236_040_0110_1000000000053;421522.0
202607;236_040_0110_1000000000060;20117.0
202607;236_040_0110_1000000000078;3813.0
202607;236_040_0110_1000000000081;10961.0
202607;236_040_0110_1000000000082;40444.0
202607;236_040_0110_1000000000083;67595.0
202607;236_040_0110_1000000000084;77804.0
202607;236_040_0110_1000000000128;74462.0
202607;236_040_0110_1000000000167;626501.0
202607;236_040_0110_1000000000188;1023.0
202607;236_040_0110_1000000000200;59335.0
202607;236_040_0110_1000000000220;35542.0
202607;236_040_0110_1000000000221;333104.0
202607;236_040_0110_1000000000271;21590.0
202607;236_040_0110_1000000000299;1115.0
202607;236_040_0110_1000000000301;342858.0
202607;236_040_0110_1000000000306;151292.0
202607;236_040_0110_1000000000332;9561.0
202607;236_040_0110_1000000000409;2606.0
202607;236_040_0110_1000000000410;9098.0
202607;236_040_0110_1000000000434;277494.0
202607;236_040_0110_1000000000465;301.0
202607;236_040_0110_1000000000597;59525.0
202607;236_040_0110_2200000000060;-11348.0
202607;236_040_0110_2200000000095;-49324.0
202607;236_040_0110_2200000000100;-2275.0
202607;236_040_0110_2200000000220;-29172.0
202607;236_040_0110_2200000000606;-68.0
202607;236_040_0110_2200000000615;-49.0
202607;236_040_0110_2200000000616;-2539.0
202607;236_040_0110_2500000000012;10892.0
202607;236_040_0110_2500000000424;17189.0
202607;236_040_0110_2500000000544;31674.0
202607;236_040_0110_2500000000545;336.0
202607;236_040_0110_2500000001100;1202.0
202607;236_040_0110_2829000000110;-172036.0
202607;236_040_0110_2894000000081;-8302.0
202607;236_040_0110_28D5000000070;-52882.0
202607;236_040_0110_28D5000000162;-11419.0
202607;236_040_0110_28D5000000568;-4833.33333333333
202607;236_040_0110_28D5000000588;-270.0
202607;236_040_0110_28F1000000163;-1122.73333333333
202607;236_040_0115_ATM_1000000000130;153.3027523
202607;236_040_0115_ATM_1000000000448;25373.4435
202607;236_040_0115_ATM_10C2000000159;133373.0027
202607;236_040_0115_ATM_10D5000007065;2475.0
202607;236_040_0115_ATM_22D1000000010;-2.245
202607;236_040_0115_ATM_2300000005203;-11.0
202607;236_040_0115_ATM_2881000000584;-2972.602548
202607;236_040_0115_ATM_28CC000000720;-115976.5241
202607;236_040_0115_ATM_28CC000000724;-127.8333333
202607;236_040_0115_CAR_0800000000013;1215.0
202607;236_040_0115_CAR_1000000000073;9.99308413573825e-14
202607;236_040_0115_CAR_1000000000074;184176.0
202607;236_040_0115_CAR_1000000000096;454629.0
202607;236_040_0115_CAR_1000000000302;31456.0
202607;236_040_0115_CAR_10C2000000058;272549.0
202607;236_040_0115_CAR_10C2000000127;477.0
202607;236_040_0115_CAR_10C2000000128;80815.0
202607;236_040_0115_CAR_10C2000000129;441.0
202607;236_040_0115_CAR_10C2000000135;16202.0
202607;236_040_0115_CAR_10C2000000354;2014484.0
202607;236_040_0115_CAR_10C2000000357;453609.0
202607;236_040_0115_CAR_10C2000000358;265445.0
202607;236_040_0115_CAR_10C2000000360;399233.0
202607;236_040_0115_CAR_10P1000000031;13894.0
202607;236_040_0115_CAR_10P1000000195;-1.43632777859266e-13
202607;236_040_0115_CAR_10P2000000010;4958.0
202607;236_040_0115_CAR_2200000000059;-92440.0
202607;236_040_0115_CAR_2200000000684;-27.0
202607;236_040_0115_CAR_2200000009020;-1280.0
202607;236_040_0115_CAR_22D1000000016;-13938.94175
202607;236_040_0115_CAR_22D1000000904;-31791.52176
202607;236_040_0115_CAR_22D1000000907;-26629.0
202607;236_040_0115_CAR_22D1000002930;8.33333333333333e-05
202607;236_040_0115_CAR_22D5000000135;-13379.0001407266
202607;236_040_0115_CAR_2829000000532;-27936.0
202607;236_040_0115_CAR_2844000000001;-217888.0
202607;236_040_0115_CAR_28CC000000612;-54840.0
202607;236_040_0115_CAR_28CC000000613;-34143.0
202607;236_040_0115_CAR_28CC000000720;-954246.0
202607;236_040_0115_CAR_28CC000000724;-53343.0
202607;236_040_0115_CAR_28CC000000729;-3.02392758000684e-13
202607;236_040_0115_CAR_28CC000000730;222807.0
202607;236_040_0115_CAR_28CC000000733;-89051.0
202607;236_040_0115_CAR_28CC000003930;0.0083333333333333
202607;236_040_0115_CAR_28F1000000163;-2200.0
202607;236_040_0115_COM_1000000000015;1747.0
202607;236_040_0115_COM_1000000000057;633.0
202607;236_040_0115_COM_1000000000089;16269.0
202607;236_040_0115_COM_1000000000090;133.333333333333
202607;236_040_0115_COM_1000000000229;651.0
202607;236_040_0115_COM_1000000000296;3025.0
202607;236_040_0115_COM_1000000000331;14156.000206390656
202607;236_040_0115_COM_1000000000428;1988.0
202607;236_040_0115_COM_1000000000451;137844.0
202607;236_040_0115_COM_1000000006930;8.33333333333333e-05
202607;236_040_0115_COM_10C2000000054;132103.0
202607;236_040_0115_COM_10C2000000056;58161.0
202607;236_040_0115_COM_10C2000000350;30969.0
202607;236_040_0115_COM_10C2000000351;28077.0
202607;236_040_0115_COM_10C2000000353;3435159.0
202607;236_040_0115_COM_10C2000000355;-22527.0
202607;236_040_0115_COM_10C2000000856;23425.0
202607;236_040_0115_COM_2200000000049;-733.0
202607;236_040_0115_COM_22D1000000316;-2151.0559
202607;236_040_0115_COM_23D1000000704;-1683239.0
202607;236_040_0115_COM_2829000000109;-3515.0
202607;236_040_0115_COM_2829000000110;-17093.0
202607;236_040_0115_COM_2829000000112;-1641.0
202607;236_040_0115_COM_28CC000000613;-108010.0
202607;236_040_0115_COM_28CC000000720;-1003285.0
202607;236_040_0115_COM_28CC000000724;-28700.0
202607;236_040_0115_COM_28F1000000163;-3522.42
202607;236_040_0115_POS_1000000000090;444484.0
202607;236_040_0115_POS_1000000000253;26024.0
202607;236_040_0115_POS_1000000000470;8.33333333333333e-05
202607;236_040_0115_POS_1000000000473;6468.83333333333
202607;236_040_0115_POS_1000000000510;11738.0
202607;236_040_0115_POS_10C2000000061;-504518.0
202607;236_040_0115_POS_10C2000000070;2476240.999999982
202607;236_040_0115_POS_10C2000000350;103140.0
202607;236_040_0115_POS_10C2000000353;21551683.9998517
202607;236_040_0115_POS_10C2000000355;-8843.0
202607;236_040_0115_POS_10D5000000087;3000.0
202607;236_040_0115_POS_10D5000000105;750.0
202607;236_040_0115_POS_10D5000000113;121694.1894
202607;236_040_0115_POS_10D5000000118;34323.74
202607;236_040_0115_POS_10P1000000027;8.33333333333333e-05
202607;236_040_0115_POS_10P1000000038;500.0
202607;236_040_0115_POS_10P1000001450;30801.0
202607;236_040_0115_POS_22D1000000216;-9357.09495
202607;236_040_0115_POS_22D1000000657;-54092.00001573246
202607;236_040_0115_POS_22D5000000002;-33750.0
202607;236_040_0115_POS_22D5000000300;-17307.0
202607;236_040_0115_POS_2300000000086;-1785.0
202607;236_040_0115_POS_23D1000000110;-4834.0
202607;236_040_0115_POS_23D1000000114;-13877.0
202607;236_040_0115_POS_23D1000000157;-812180.0
202607;236_040_0115_POS_23D1000000704;-9449069.00011849
202607;236_040_0115_POS_23D1000000706;-1502491.000072655
202607;236_040_0115_POS_23D5000000324;-6010.1228243859
202607;236_040_0115_POS_2829000000589;-15729.0
202607;236_040_0115_POS_2895000000001;-150925.0
202607;236_040_0115_POS_28B1000001000;-7903.0
202607;236_040_0115_POS_28CC000000605;-2749.0
202607;236_040_0115_POS_28CC000000613;-665442.0
202607;236_040_0115_POS_28CC000000720;-4607536.0
202607;236_040_0115_POS_28CC000000724;-16532.0
202607;236_040_0115_POS_28CC000000726;-470787.0
202607;236_040_0115_POS_28CC000000731;-5229.0
202607;236_040_0115_POS_28F1000000163;-7700.0
202607;236_040_0120_0800000000031;-853.1900617
202607;236_040_0120_0800000000437;310137.86
202607;236_040_0120_0800000000440;81440.08407
202607;236_040_0120_1000000000004;103803.7913
202607;236_040_0120_1000000000005;8740.436601
202607;236_040_0120_1000000000017;100773.852
202607;236_040_0120_1000000000019;148962.646
202607;236_040_0120_1000000000046;2750.779151
202607;236_040_0120_1000000000360;46731.24382
202607;236_040_0120_1000000000361;1782.022661
202607;236_040_0120_1000000000364;17835.5761
202607;236_040_0120_1000000005100;4488.49592
202607;236_040_0120_10D5000000307;6004.8
202607;236_040_0120_2200000000612;-29319.5032
202607;236_040_0120_2500000000009;217.0
202607;236_040_0120_2500000000012;7743.440687
202608;236_020_0040_0800000000008;3818.0
202608;236_020_0040_1000000000097;7254.2
202608;236_020_0040_1000000000120;4963.4
202608;236_020_0040_1000000000152;763.6
202608;236_020_0040_1000000000159;1527.2
202608;236_020_0040_1000000005110;9926.8
202608;236_020_0040_1000000005111;3818.0
202608;236_020_0040_10C1000000709;4355.46
202608;236_020_0040_10C3000000035;499272.66
202608;236_020_0040_10C3000000044;178178.1
202608;236_020_0040_10C3000000311;95028.32
202608;236_020_0040_10C3000000312;114825.89
202608;236_020_0040_10C3000000413;39595.13
202608;236_020_0040_10C3000009407;122744.91
202608;236_020_0040_10P1000000101;6490.6
202608;236_020_0040_1200000000017;24435.2
202608;236_020_0040_2200000000017;-186314.0
202608;236_020_0040_2200000000217;-38405.0
202608;236_020_0040_2200000001017;-110590.0
202608;236_020_0040_22D5000005100;-13745.0
202608;236_020_0043_0800000000405;-1527.2
202608;236_020_0043_1000000000010;20617.2
202608;236_020_0043_1000000000061;152.72
202608;236_020_0043_1000000000119;27107.8
202608;236_020_0043_1000000000120;19853.6
202608;236_020_0043_1000000000159;18326.4
202608;236_020_0043_1000000000240;343040.05
202608;236_020_0043_1000000000385;190.9
202608;236_020_0043_1000000000440;8.33333333333333e-05
202608;236_020_0043_10C1000000709;16799.19
202608;236_020_0043_10C3000000301;1230.63787772
202608;236_020_0043_10C3000000307;66910.27864399999
202608;236_020_0043_10C3000000308;39992.350453
202608;236_020_0043_10C3000000311;4230.41
202608;236_020_0043_10C3000000312;6922.48
202608;236_020_0043_10C3000000412;182657.3698243
202608;236_020_0043_10C3000000413;40761.4341173
202608;236_020_0043_1200000000017;30544.0
202608;236_020_0043_22D5000000161;-2100.0
202608;236_020_0043_2300000000014;-1321.0
202608;236_020_0043_2300000000015;-53791.0
202608;236_020_0043_2300000000032;-5334.23
202608;236_020_0043_2300000000110;-141857.0
202608;236_020_0043_2300000005214;-11454.0
202608;236_020_0045_1000000000042;91666.67
202608;236_020_0045_1000000000059;14000.0
202608;236_020_0045_1000000000273;61336.2
202608;236_020_0045_1000000000350;1083.33333333333
202608;236_020_0045_1000000000476;3000.0
202608;236_020_0045_1000000000726;125.0
202608;236_020_0045_10P1000000193;83.33
202608;236_020_0045_2200000004608;-568.67
202608;236_020_0045_2200000009030;-36800.0
202608;236_020_0045_2200000009031;-52065.0
202608;236_020_0045_22D5000000003;-850.0
202608;236_020_0045_22D5000000004;-750.0
202608;236_020_0045_22D5000000458;-3583.33333
202608;236_020_0045_22F2000000065;8.33333333333333e-05
202608;236_020_0050_10B4000000015;8.33333333333333e-05
202608;236_020_0050_10B4000000016;-5833.33
202608;236_020_0050_10B4000000027;2916.67
202608;236_020_0050_10B4000001040;11500.0
202608;236_020_0050_10B4000001041;124749.37
202608;236_020_0050_10B4000001048;42000.0
202608;236_020_0050_10B4000001055;58450.0
202608;236_020_0050_10B4000001057;1567891.25
202608;236_020_0050_10B4000001059;2035780.23
202608;236_020_0050_10B4000001060;66739.58
202608;236_020_0050_10B4000001067;-137693.62
202608;236_020_0050_10B4000001069;-307972.85
202608;236_020_0050_10D5000000016;10541.67
202608;236_020_0050_10D5000000264;29946.0
202608;236_020_0050_10D5000000566;31873.0
202608;236_020_0050_10D5000007307;7888.0
202608;236_020_0050_22D5000009482;-18997.26027
202608;236_020_0050_2300000000029;-6428.6
202608;236_020_0050_2300000000030;-42668.42
202608;236_020_0055_GP;552818.577231177
202608;236_020_0060_1000000000505;8.33333333333333e-05
202608;236_020_0060_10B4000000009;222.07
202608;236_020_0060_10B4000000012;62.5
202608;236_020_0060_10B4000000018;72104.35
202608;236_020_0060_10B4000000019;69276.73
202608;236_020_0060_10B4000000020;7920.0
202608;236_020_0060_10B4000000103;51165.19
202608;236_020_0060_10B4000000105;24343.2
202608;236_020_0060_10B4000000107;17325.0
202608;236_020_0060_10B4000000111;82051.51
202608;236_020_0060_10B4000000112;169040.34
202608;236_020_0060_10B4000000279;734637.15
202608;236_020_0060_10B4000000281;5833.0
202608;236_020_0060_10B4000001181;144049.8
202608;236_020_0060_10B4000001189;10000.0
202608;236_020_0060_10B4000001190;1750.0
202608;236_020_0060_10B4000001192;260254.03
202608;236_020_0060_10B4000001197;106572.65
202608;236_020_0060_10B4000001200;208.0
202608;236_020_0060_10B4000002185;10833.0
202608;236_020_0060_10B4000005178;20455.95
202608;236_020_0060_10B4ASS002930;-13333.0
202608;236_020_0060_2200000000011;-5287.0
202608;236_020_0060_2300000000033;-29010.0
202608;236_020_0065_1000000000303;8333.33
202608;236_020_0065_1000000000427;1250.0
202608;236_020_0065_10B4000000004;443311.96
202608;236_020_0065_10B4000000005;494973.98
202608;236_020_0065_10B4000000013;-12500.0
202608;236_020_0065_10B4000000014;-6666.67
202608;236_020_0065_10B4000001067;137693.62
202608;236_020_0065_10B4000001069;307972.85
202608;236_020_0065_10B4000001640;-1666.67
202608;236_020_0065_2300000000036;-11173.14
202608;236_020_0065_2300000000084;8.33333333333333e-05
202608;236_020_0065_2500000000013;7500.0
202608;236_020_0065_2500000001013;1250.0
202608;236_020_0070_0800000000021;6583.333333
202608;236_020_0070_0800000000025;-19761.0
202608;236_020_0070_0800000000030;18044.0
202608;236_020_0070_0800000000432;270517.0
202608;236_020_0070_0800000000442;-16666.6666666667
202608;236_020_0070_0800000001378;3249.0
202608;236_020_0070_0800000002378;69750.0
202608;236_020_0070_0800000003378;62750.0
202608;236_020_0070_1000000000251;1250.0
202608;236_020_0070_1000000000363;5000.0
202608;236_020_0070_2811000000644;-1275.00001341105
202608;236_040_0110_1000000000011;15354.0
202608;236_040_0110_1000000000012;365.0
202608;236_040_0110_1000000000053;387595.0
202608;236_040_0110_1000000000060;18679.0
202608;236_040_0110_1000000000078;3082.0
202608;236_040_0110_1000000000081;5275.0
202608;236_040_0110_1000000000082;30351.0
202608;236_040_0110_1000000000083;56206.0
202608;236_040_0110_1000000000084;67423.0
202608;236_040_0110_1000000000128;75239.0
202608;236_040_0110_1000000000167;429987.0
202608;236_040_0110_1000000000188;1277.0
202608;236_040_0110_1000000000200;50433.0
202608;236_040_0110_1000000000220;35542.0
202608;236_040_0110_1000000000221;263799.0
202608;236_040_0110_1000000000271;15289.0
202608;236_040_0110_1000000000299;598.0
202608;236_040_0110_1000000000301;296978.0
202608;236_040_0110_1000000000306;125230.0
202608;236_040_0110_1000000000332;3451.0
202608;236_040_0110_1000000000409;6202.0
202608;236_040_0110_1000000000410;6922.0
202608;236_040_0110_1000000000434;278122.0
202608;236_040_0110_1000000000465;635.0
202608;236_040_0110_1000000000597;56257.0
202608;236_040_0110_2200000000060;-10580.0
202608;236_040_0110_2200000000095;-58947.0
202608;236_040_0110_2200000000100;-1265.0
202608;236_040_0110_2200000000220;-29172.0
202608;236_040_0110_2200000000606;-547.0
202608;236_040_0110_2200000000616;-2539.0
202608;236_040_0110_2500000000012;10335.0
202608;236_040_0110_2500000000424;10052.0
202608;236_040_0110_2500000000544;26362.0
202608;236_040_0110_2500000000545;252.0
202608;236_040_0110_2500000001100;193.0
202608;236_040_0110_2829000000110;-150213.0
202608;236_040_0110_2894000000081;-7483.0
202608;236_040_0110_28D5000000070;-52882.0
202608;236_040_0110_28D5000000162;-11419.0
202608;236_040_0110_28D5000000568;-4833.33333333333
202608;236_040_0110_28D5000000588;-270.0
202608;236_040_0110_28F1000000163;-1122.73333333333
202608;236_040_0115_ATM_1000000000130;153.3027523
202608;236_040_0115_ATM_1000000000448;22403.96
202608;236_040_0115_ATM_10C2000000159;116925.9988
202608;236_040_0115_ATM_10D5000007065;2475.0
202608;236_040_0115_ATM_22D1000000010;-2.245
202608;236_040_0115_ATM_2300000005203;-10.0
202608;236_040_0115_ATM_2881000000584;-2972.602548
202608;236_040_0115_ATM_28CC000000720;-101674.7816
202608;236_040_0115_ATM_28CC000000724;-127.8333333
202608;236_040_0115_CAR_0800000000013;1248.0
202608;236_040_0115_CAR_1000000000073;9.99308413573825e-14
202608;236_040_0115_CAR_1000000000074;217277.0
202608;236_040_0115_CAR_1000000000096;418359.0
202608;236_040_0115_CAR_1000000000302;31967.0
202608;236_040_0115_CAR_10C2000000058;449129.0
202608;236_040_0115_CAR_10C2000000127;410.0
202608;236_040_0115_CAR_10C2000000128;77074.0
202608;236_040_0115_CAR_10C2000000129;401.0
202608;236_040_0115_CAR_10C2000000135;16269.0
202608;236_040_0115_CAR_10C2000000354;1857113.0
202608;236_040_0115_CAR_10C2000000357;342798.0
202608;236_040_0115_CAR_10C2000000358;234142.0
202608;236_040_0115_CAR_10C2000000360;390280.0
202608;236_040_0115_CAR_10P1000000031;10842.0
202608;236_040_0115_CAR_10P1000000195;-1.43632777859266e-13
202608;236_040_0115_CAR_10P2000000010;4289.0
202608;236_040_0115_CAR_2200000000059;-78692.0
202608;236_040_0115_CAR_2200000000684;-11.0
202608;236_040_0115_CAR_2200000009020;-1280.0
202608;236_040_0115_CAR_22D1000000016;-13938.94175
202608;236_040_0115_CAR_22D1000000904;-31791.52176
202608;236_040_0115_CAR_22D1000000907;-20643.0
202608;236_040_0115_CAR_22D1000002930;8.33333333333333e-05
202608;236_040_0115_CAR_22D5000000135;-13379.0001407266
202608;236_040_0115_CAR_23D1000000110;-3374.0
202608;236_040_0115_CAR_2829000000532;-27878.0
202608;236_040_0115_CAR_2844000000001;-195391.0
202608;236_040_0115_CAR_28CC000000612;-55892.0
202608;236_040_0115_CAR_28CC000000613;-32953.0
202608;236_040_0115_CAR_28CC000000720;-973889.0
202608;236_040_0115_CAR_28CC000000724;-49801.0
202608;236_040_0115_CAR_28CC000000729;-3.02392758000684e-13
202608;236_040_0115_CAR_28CC000000730;219699.0
202608;236_040_0115_CAR_28CC000000733;-85946.0
202608;236_040_0115_CAR_28CC000003930;0.0083333333333333
202608;236_040_0115_CAR_28F1000000163;-2200.0
202608;236_040_0115_COM_1000000000015;816.0
202608;236_040_0115_COM_1000000000057;469.0
202608;236_040_0115_COM_1000000000089;13808.0
202608;236_040_0115_COM_1000000000090;133.333333333333
202608;236_040_0115_COM_1000000000229;431.0
202608;236_040_0115_COM_1000000000296;2174.0
202608;236_040_0115_COM_1000000000331;13067.000206390656
202608;236_040_0115_COM_1000000000428;994.0
202608;236_040_0115_COM_1000000000451;110080.0
202608;236_040_0115_COM_1000000006930;8.33333333333333e-05
202608;236_040_0115_COM_10C2000000054;95748.0
202608;236_040_0115_COM_10C2000000056;50120.0
202608;236_040_0115_COM_10C2000000350;18924.0
202608;236_040_0115_COM_10C2000000351;26161.0
202608;236_040_0115_COM_10C2000000353;2769290.0
202608;236_040_0115_COM_10C2000000355;-18976.0
202608;236_040_0115_COM_10C2000000856;14036.0
202608;236_040_0115_COM_2200000000049;-681.0
202608;236_040_0115_COM_22D1000000316;-2151.0559
202608;236_040_0115_COM_23D1000000704;-1379522.0
202608;236_040_0115_COM_2829000000109;-2603.0
202608;236_040_0115_COM_2829000000110;-13650.0
202608;236_040_0115_COM_2829000000112;-1641.0
202608;236_040_0115_COM_28CC000000613;-95039.0
202608;236_040_0115_COM_28CC000000720;-821602.0
202608;236_040_0115_COM_28CC000000724;-37029.0
202608;236_040_0115_COM_28F1000000163;-3522.42
202608;236_040_0115_POS_1000000000090;332318.0
202608;236_040_0115_POS_1000000000253;17157.0
202608;236_040_0115_POS_1000000000470;8.33333333333333e-05
202608;236_040_0115_POS_1000000000473;6468.83333333333
202608;236_040_0115_POS_1000000000510;8811.0
202608;236_040_0115_POS_10C2000000061;-437492.0
202608;236_040_0115_POS_10C2000000070;2127847.999999977
202608;236_040_0115_POS_10C2000000350;84977.0
202608;236_040_0115_POS_10C2000000353;18869480.99995123
202608;236_040_0115_POS_10C2000000355;-7668.0
202608;236_040_0115_POS_10D5000000087;3000.0
202608;236_040_0115_POS_10D5000000105;750.0
202608;236_040_0115_POS_10D5000000113;99996.47874
202608;236_040_0115_POS_10D5000000118;28204.44
202608;236_040_0115_POS_10P1000000027;8.33333333333333e-05
202608;236_040_0115_POS_10P1000000038;500.0
202608;236_040_0115_POS_10P1000001450;31503.0
202608;236_040_0115_POS_22D1000000216;-9357.09495
202608;236_040_0115_POS_22D1000000657;-49604.99999462509
202608;236_040_0115_POS_22D5000000002;-33750.0
202608;236_040_0115_POS_22D5000000300;-17307.0
202608;236_040_0115_POS_2300000000086;-1356.0
202608;236_040_0115_POS_23D1000000110;-8732.0
202608;236_040_0115_POS_23D1000000114;-8968.0
202608;236_040_0115_POS_23D1000000157;-667431.0
202608;236_040_0115_POS_23D1000000704;-8344863.000042533
202608;236_040_0115_POS_23D1000000706;-1293028.9999638372
202608;236_040_0115_POS_23D5000000324;-6486.45768468979
202608;236_040_0115_POS_2829000000589;-15729.0
202608;236_040_0115_POS_2895000000001;-147584.0
202608;236_040_0115_POS_28B1000001000;-13608.0
202608;236_040_0115_POS_28CC000000605;-1648.0
202608;236_040_0115_POS_28CC000000613;-645190.0
202608;236_040_0115_POS_28CC000000720;-4320883.0
202608;236_040_0115_POS_28CC000000724;-14704.0
202608;236_040_0115_POS_28CC000000726;-462011.0
202608;236_040_0115_POS_28CC000000731;-5229.0
202608;236_040_0115_POS_28F1000000163;-7700.0
202608;236_040_0120_0800000000031;-1422.163577
202608;236_040_0120_0800000000437;235193.22
202608;236_040_0120_0800000000440;57339.70587
202608;236_040_0120_1000000000004;93148.92313
202608;236_040_0120_1000000000005;7601.812907
202608;236_040_0120_1000000000017;53965.248
202608;236_040_0120_1000000000019;108388.112
202608;236_040_0120_1000000000046;2992.584632
202608;236_040_0120_1000000000360;33242.31272
202608;236_040_0120_1000000000361;1140.837795
202608;236_040_0120_1000000000364;14096.94093
202608;236_040_0120_1000000005100;4100.19792
202608;236_040_0120_10D5000000307;6247.2
202608;236_040_0120_2200000000612;-35103.9416
202608;236_040_0120_2500000000009;279.0
202608;236_040_0120_2500000000012;5001.808012
202609;236_020_0040_0800000000008;4143.0
202609;236_020_0040_1000000000097;7871.7
202609;236_020_0040_1000000000120;5385.9
202609;236_020_0040_1000000000152;828.6
202609;236_020_0040_1000000000159;1657.2
202609;236_020_0040_1000000005110;10771.8
202609;236_020_0040_1000000005111;4143.0
202609;236_020_0040_10C1000000709;4726.22
202609;236_020_0040_10C3000000035;541788.08
202609;236_020_0040_10C3000000044;193345.17
202609;236_020_0040_10C3000000311;103117.42
202609;236_020_0040_10C3000000312;124600.22
202609;236_020_0040_10C3000000413;42965.59
202609;236_020_0040_10C3000009407;133193.34
202609;236_020_0040_10P1000000101;7043.1
202609;236_020_0040_1200000000017;26515.2
202609;236_020_0040_2200000000017;-202174.0
202609;236_020_0040_2200000000217;-41674.0
202609;236_020_0040_2200000001017;-120004.0
202609;236_020_0040_22D5000005100;-14915.0
202609;236_020_0043_0800000000405;-1657.2
202609;236_020_0043_1000000000010;22372.2
202609;236_020_0043_1000000000061;165.72
202609;236_020_0043_1000000000119;29415.3
202609;236_020_0043_1000000000120;21543.6
202609;236_020_0043_1000000000159;19886.4
202609;236_020_0043_1000000000240;358812.0
202609;236_020_0043_1000000000385;207.15
202609;236_020_0043_1000000000440;8.33333333333333e-05
202609;236_020_0043_10C1000000709;18229.2
202609;236_020_0043_10C3000000301;1335.42
202609;236_020_0043_10C3000000307;72605.889047
202609;236_020_0043_10C3000000308;43396.623339
202609;236_020_0043_10C3000000311;4590.03
202609;236_020_0043_10C3000000312;7510.95
202609;236_020_0043_10C3000000412;198205.7316006
202609;236_020_0043_10C3000000413;44231.1737878
202609;236_020_0043_1200000000017;33144.0
202609;236_020_0043_22D5000000161;-2300.0
202609;236_020_0043_2300000000014;-1433.0
202609;236_020_0043_2300000000015;-58369.0
202609;236_020_0043_2300000000032;-5788.3
202609;236_020_0043_2300000000110;-153933.0
202609;236_020_0043_2300000005214;-12429.0
202609;236_020_0045_1000000000042;91666.67
202609;236_020_0045_1000000000059;14000.0
202609;236_020_0045_1000000000273;64156.25
202609;236_020_0045_1000000000350;1083.33333333333
202609;236_020_0045_1000000000476;3000.0
202609;236_020_0045_1000000000726;125.0
202609;236_020_0045_10P1000000193;83.33
202609;236_020_0045_2200000004608;-568.67
202609;236_020_0045_2200000009030;-36800.0
202609;236_020_0045_2200000009031;-52065.0
202609;236_020_0045_22D5000000003;-850.0
202609;236_020_0045_22D5000000004;-750.0
202609;236_020_0045_22D5000000458;-3583.33333
202609;236_020_0045_22F2000000065;8.33333333333333e-05
202609;236_020_0050_10B4000000015;8.33333333333333e-05
202609;236_020_0050_10B4000000016;-5833.33
202609;236_020_0050_10B4000000027;2916.67
202609;236_020_0050_10B4000000048;75000.0
202609;236_020_0050_10B4000001040;11500.0
202609;236_020_0050_10B4000001041;121371.75
202609;236_020_0050_10B4000001048;50400.0
202609;236_020_0050_10B4000001055;70125.0
202609;236_020_0050_10B4000001057;1526252.54
202609;236_020_0050_10B4000001059;1980244.14
202609;236_020_0050_10B4000001060;65752.96
202609;236_020_0050_10B4000001067;-137110.99
202609;236_020_0050_10B4000001069;-301721.5
202609;236_020_0050_10D5000000016;10541.67
202609;236_020_0050_10D5000000264;30959.0
202609;236_020_0050_10D5000000566;30845.0
202609;236_020_0050_10D5000007307;7888.0
202609;236_020_0050_22D5000009482;-18487.67123
202609;236_020_0050_2300000000029;-6428.6
202609;236_020_0050_2300000000030;-42668.42
202609;236_020_0055_GP;537533.057671177
202609;236_020_0060_1000000000505;8.33333333333333e-05
202609;236_020_0060_10B4000000009;214.91
202609;236_020_0060_10B4000000012;62.5
202609;236_020_0060_10B4000000018;72311.24
202609;236_020_0060_10B4000000019;69475.51
202609;236_020_0060_10B4000000020;9510.0
202609;236_020_0060_10B4000000103;49514.7
202609;236_020_0060_10B4000000105;56800.8
202609;236_020_0060_10B4000000107;30429.0
202609;236_020_0060_10B4000000111;65741.03
202609;236_020_0060_10B4000000112;165230.13
202609;236_020_0060_10B4000000279;711513.2
202609;236_020_0060_10B4000000281;5834.0
202609;236_020_0060_10B4000001181;143216.95
202609;236_020_0060_10B4000001189;10000.0
202609;236_020_0060_10B4000001190;29000.0
202609;236_020_0060_10B4000001192;252892.22
202609;236_020_0060_10B4000001197;85387.78
202609;236_020_0060_10B4000001200;209.0
202609;236_020_0060_10B4000001201;500.0
202609;236_020_0060_10B4000002185;10834.0
202609;236_020_0060_10B4000005178;19335.76
202609;236_020_0060_10B4ASS002930;-13334.0
202609;236_020_0060_2200000000011;-5287.0
202609;236_020_0060_2300000000033;-29009.0
202609;236_020_0065_1000000000303;8333.33
202609;236_020_0065_1000000000427;1250.0
202609;236_020_0065_10B4000000004;433496.58
202609;236_020_0065_10B4000000005;482097.34
202609;236_020_0065_10B4000000013;-12500.0
202609;236_020_0065_10B4000000014;-6666.67
202609;236_020_0065_10B4000001067;137110.99
202609;236_020_0065_10B4000001069;301721.5
202609;236_020_0065_10B4000001640;-1666.67
202609;236_020_0065_2300000000036;-11173.14
202609;236_020_0065_2300000000084;8.33333333333333e-05
202609;236_020_0065_2500000000013;155000.0
202609;236_020_0065_2500000001013;1250.0
202609;236_020_0070_0800000000021;6583.333333
202609;236_020_0070_0800000000025;-19761.0
202609;236_020_0070_0800000000030;18044.0
202609;236_020_0070_0800000000432;270517.0
202609;236_020_0070_0800000000442;-16666.6666666667
202609;236_020_0070_0800000001378;3249.0
202609;236_020_0070_0800000002378;69750.0
202609;236_020_0070_0800000003378;62750.0
202609;236_020_0070_1000000000251;1250.0
202609;236_020_0070_1000000000363;5000.0
202609;236_020_0070_2811000000644;-1230.00003397465
202609;236_040_0110_1000000000011;15381.0
202609;236_040_0110_1000000000012;500.0
202609;236_040_0110_1000000000053;443552.0
202609;236_040_0110_1000000000060;21247.0
202609;236_040_0110_1000000000078;3113.0
202609;236_040_0110_1000000000081;8398.0
202609;236_040_0110_1000000000082;37060.0
202609;236_040_0110_1000000000083;67106.0
202609;236_040_0110_1000000000084;58414.0
202609;236_040_0110_1000000000128;70663.0
202609;236_040_0110_1000000000167;538217.0
202609;236_040_0110_1000000000188;1101.0
202609;236_040_0110_1000000000200;50766.0
202609;236_040_0110_1000000000220;35542.0
202609;236_040_0110_1000000000221;327175.0
202609;236_040_0110_1000000000271;17713.0
202609;236_040_0110_1000000000299;848.0
202609;236_040_0110_1000000000301;363352.0
202609;236_040_0110_1000000000306;132871.0
202609;236_040_0110_1000000000332;6999.0
202609;236_040_0110_1000000000409;5357.0
202609;236_040_0110_1000000000410;9446.0
202609;236_040_0110_1000000000434;276289.0
202609;236_040_0110_1000000000465;180.0
202609;236_040_0110_1000000000597;54730.0
202609;236_040_0110_2200000000060;-12008.0
202609;236_040_0110_2200000000095;-53374.0
202609;236_040_0110_2200000000100;-2299.0
202609;236_040_0110_2200000000220;-29172.0
202609;236_040_0110_2200000000606;-448.0
202609;236_040_0110_2200000000615;-45.0
202609;236_040_0110_2200000000616;-2539.0
202609;236_040_0110_2500000000012;9759.0
202609;236_040_0110_2500000000424;15983.0
202609;236_040_0110_2500000000544;25443.0
202609;236_040_0110_2500000000545;191.0
202609;236_040_0110_2500000001100;134.0
202609;236_040_0110_2829000000110;-168310.0
202609;236_040_0110_2894000000081;-7847.0
202609;236_040_0110_28D5000000070;-52882.0
202609;236_040_0110_28D5000000162;-11419.0
202609;236_040_0110_28D5000000568;-4833.33333333333
202609;236_040_0110_28D5000000588;-270.0
202609;236_040_0110_28F1000000163;-1122.73333333333
202609;236_040_0115_ATM_1000000000130;204.4036697
202609;236_040_0115_ATM_1000000000448;22456.2945
202609;236_040_0115_ATM_10C2000000159;119607.4925
202609;236_040_0115_ATM_10D5000007065;2475.0
202609;236_040_0115_ATM_22D1000000010;-2.245
202609;236_040_0115_ATM_2300000005203;-10.0
202609;236_040_0115_ATM_2881000000584;-2876.712466
202609;236_040_0115_ATM_28CC000000720;-104006.5152
202609;236_040_0115_ATM_28CC000000724;-127.8333333
202609;236_040_0115_CAR_0800000000013;1216.0
202609;236_040_0115_CAR_1000000000073;9.99308413573825e-14
202609;236_040_0115_CAR_1000000000074;196921.0
202609;236_040_0115_CAR_1000000000096;430547.0
202609;236_040_0115_CAR_1000000000302;30694.0
202609;236_040_0115_CAR_10C2000000058;277681.0
202609;236_040_0115_CAR_10C2000000127;497.0
202609;236_040_0115_CAR_10C2000000128;99698.0
202609;236_040_0115_CAR_10C2000000129;434.0
202609;236_040_0115_CAR_10C2000000135;13958.0
202609;236_040_0115_CAR_10C2000000354;1789395.0
202609;236_040_0115_CAR_10C2000000357;391194.0
202609;236_040_0115_CAR_10C2000000358;249230.0
202609;236_040_0115_CAR_10C2000000360;376234.0
202609;236_040_0115_CAR_10P1000000031;12620.0
202609;236_040_0115_CAR_10P1000000195;-1.43632777859266e-13
202609;236_040_0115_CAR_10P2000000010;4701.0
202609;236_040_0115_CAR_2200000000059;-86430.0
202609;236_040_0115_CAR_2200000000684;-27.0
202609;236_040_0115_CAR_2200000009020;-1280.0
202609;236_040_0115_CAR_22D1000000016;-13938.94175
202609;236_040_0115_CAR_22D1000000904;-31791.52176
202609;236_040_0115_CAR_22D1000000907;-25358.0
202609;236_040_0115_CAR_22D1000002930;8.33333333333333e-05
202609;236_040_0115_CAR_22D5000000135;-12906.8003565073
202609;236_040_0115_CAR_2829000000532;-26955.0
202609;236_040_0115_CAR_2844000000001;-203260.0
202609;236_040_0115_CAR_28CC000000612;-52920.0
202609;236_040_0115_CAR_28CC000000613;-31842.0
202609;236_040_0115_CAR_28CC000000720;-873008.0
202609;236_040_0115_CAR_28CC000000724;-48802.0
202609;236_040_0115_CAR_28CC000000729;-3.02392758000684e-13
202609;236_040_0115_CAR_28CC000000730;206203.0
202609;236_040_0115_CAR_28CC000000733;-83049.0
202609;236_040_0115_CAR_28CC000003930;0.0083333333333333
202609;236_040_0115_CAR_28F1000000163;-2200.0
202609;236_040_0115_COM_1000000000015;1346.0
202609;236_040_0115_COM_1000000000057;407.0
202609;236_040_0115_COM_1000000000089;16014.0
202609;236_040_0115_COM_1000000000090;133.333333333333
202609;236_040_0115_COM_1000000000229;925.0
202609;236_040_0115_COM_1000000000296;2544.0
202609;236_040_0115_COM_1000000000331;4900.000206390655
202609;236_040_0115_COM_1000000000428;621.0
202609;236_040_0115_COM_1000000000451;121165.0
202609;236_040_0115_COM_1000000006930;8.33333333333333e-05
202609;236_040_0115_COM_10C2000000054;109138.0
202609;236_040_0115_COM_10C2000000056;41871.0
202609;236_040_0115_COM_10C2000000350;21362.0
202609;236_040_0115_COM_10C2000000351;28909.0
202609;236_040_0115_COM_10C2000000353;3035133.0
202609;236_040_0115_COM_10C2000000355;-19784.0
202609;236_040_0115_COM_10C2000000856;16872.0
202609;236_040_0115_COM_2200000000049;-562.0
202609;236_040_0115_COM_22D1000000316;-2151.0559
202609;236_040_0115_COM_23D1000000704;-1531360.0
202609;236_040_0115_COM_2829000000109;-2905.0
202609;236_040_0115_COM_2829000000110;-15024.0
202609;236_040_0115_COM_2829000000112;-1589.0
202609;236_040_0115_COM_28CC000000613;-38083.0
202609;236_040_0115_COM_28CC000000614;-39271.0
202609;236_040_0115_COM_28CC000000720;-884837.0
202609;236_040_0115_COM_28CC000000724;-36184.0
202609;236_040_0115_COM_28F1000000163;-3522.42
202609;236_040_0115_POS_1000000000090;455516.0
202609;236_040_0115_POS_1000000000253;19165.0
202609;236_040_0115_POS_1000000000470;8.33333333333333e-05
202609;236_040_0115_POS_1000000000473;6468.83333333333
202609;236_040_0115_POS_1000000000510;10155.0
202609;236_040_0115_POS_10C2000000061;-502606.0
202609;236_040_0115_POS_10C2000000070;2193848.9999999935
202609;236_040_0115_POS_10C2000000350;91298.0
202609;236_040_0115_POS_10C2000000353;19476809.99992868
202609;236_040_0115_POS_10C2000000355;-8809.0
202609;236_040_0115_POS_10D5000000087;3000.0
202609;236_040_0115_POS_10D5000000105;750.0
202609;236_040_0115_POS_10D5000000113;117576.4979
202609;236_040_0115_POS_10D5000000118;33161.94
202609;236_040_0115_POS_10P1000000027;8.33333333333333e-05
202609;236_040_0115_POS_10P1000000038;500.0
202609;236_040_0115_POS_10P1000001450;26310.0
202609;236_040_0115_POS_22D1000000216;-9357.09495
202609;236_040_0115_POS_22D1000000657;-48471.99998929541
202609;236_040_0115_POS_22D5000000002;-33750.0
202609;236_040_0115_POS_22D5000000300;-17307.0
202609;236_040_0115_POS_2300000000086;-1668.0
202609;236_040_0115_POS_23D1000000110;-6445.0
202609;236_040_0115_POS_23D1000000114;-9937.0
202609;236_040_0115_POS_23D1000000157;-688238.0
202609;236_040_0115_POS_23D1000000704;-8673533.000065148
202609;236_040_0115_POS_23D1000000706;-1325778.999980851
202609;236_040_0115_POS_23D5000000324;-7622.33247335471
202609;236_040_0115_POS_2829000000589;-15221.0
202609;236_040_0115_POS_2895000000001;-149960.0
202609;236_040_0115_POS_28B1000001000;-19194.0
202609;236_040_0115_POS_28CC000000605;-1381.0
202609;236_040_0115_POS_28CC000000613;-204036.0
202609;236_040_0115_POS_28CC000000614;-251905.0
202609;236_040_0115_POS_28CC000000720;-4459975.0
202609;236_040_0115_POS_28CC000000724;-14826.0
202609;236_040_0115_POS_28CC000000726;-449680.0
202609;236_040_0115_POS_28CC000000731;-6320.0
202609;236_040_0115_POS_28F1000000163;-7700.0
202609;236_040_0120_0800000000031;-2159.027962
202609;236_040_0120_0800000000437;260729.14
202609;236_040_0120_0800000000440;82635.72266
202609;236_040_0120_1000000000004;75864.06535
202609;236_040_0120_1000000000005;8728.487569
202609;236_040_0120_1000000000017;74648.112
202609;236_040_0120_1000000000019;132852.1401
202609;236_040_0120_1000000000046;3081.569049
202609;236_040_0120_1000000000360;36691.47574
202609;236_040_0120_1000000000361;3193.640559
202609;236_040_0120_1000000000364;19650.94317
202609;236_040_0120_1000000005100;3298.91184
202609;236_040_0120_10D5000000307;6494.4
202609;236_040_0120_2200000000612;-40656.7648
202609;236_040_0120_2500000000009;217.0
202609;236_040_0120_2500000000012;6254.903837
202610;236_020_0040_0800000000008;4388.0
202610;236_020_0040_1000000000097;8336.25
202610;236_020_0040_1000000000120;5703.75
202610;236_020_0040_1000000000152;877.5
202610;236_020_0040_1000000000159;1755.0
202610;236_020_0040_1000000005110;11407.5
202610;236_020_0040_1000000005111;4387.5
202610;236_020_0040_10C1000000709;5005.13
202610;236_020_0040_10C3000000035;573750.33
202610;236_020_0040_10C3000000044;204755.48
202610;236_020_0040_10C3000000311;109202.92
202610;236_020_0040_10C3000000312;131953.53
202610;236_020_0040_10C3000000413;45501.22
202610;236_020_0040_10C3000009407;141053.77
202610;236_020_0040_10P1000000101;7458.75
202610;236_020_0040_1200000000017;28080.0
202610;236_020_0040_2200000000017;-214105.0
202610;236_020_0040_2200000000217;-44133.0
202610;236_020_0040_2200000001017;-127086.0
202610;236_020_0040_22D5000005100;-14295.0
202610;236_020_0043_0800000000405;-1755.0
202610;236_020_0043_1000000000010;23692.5
202610;236_020_0043_1000000000061;175.5
202610;236_020_0043_1000000000119;31151.25
202610;236_020_0043_1000000000120;22815.0
202610;236_020_0043_1000000000159;21060.0
202610;236_020_0043_1000000000240;362754.99
202610;236_020_0043_1000000000385;219.38
202610;236_020_0043_1000000000440;8.33333333333333e-05
202610;236_020_0043_10C1000000709;19305.0
202610;236_020_0043_10C3000000301;1414.24
202610;236_020_0043_10C3000000307;76890.74057600001
202610;236_020_0043_10C3000000308;45957.684022
202610;236_020_0043_10C3000000311;4861.42
202610;236_020_0043_10C3000000312;7954.21
202610;236_020_0043_10C3000000412;209902.88379929998
202610;236_020_0043_10C3000000413;46841.485638
202610;236_020_0043_10D5000009456;160000.0
202610;236_020_0043_1200000000017;35100.0
202610;236_020_0043_22D5000000161;-2300.0
202610;236_020_0043_2300000000014;-1518.0
202610;236_020_0043_2300000000015;-61814.0
202610;236_020_0043_2300000000032;-6129.9
202610;236_020_0043_2300000000110;-163017.0
202610;236_020_0043_2300000005214;-13162.5
202610;236_020_0045_1000000000042;91666.67
202610;236_020_0045_1000000000059;14000.0
202610;236_020_0045_1000000000273;64861.27
202610;236_020_0045_1000000000350;1083.33333333333
202610;236_020_0045_1000000000476;3000.0
202610;236_020_0045_1000000000726;125.0
202610;236_020_0045_10P1000000193;83.33
202610;236_020_0045_2200000004608;-568.67
202610;236_020_0045_2200000009030;-36800.0
202610;236_020_0045_2200000009031;-52065.0
202610;236_020_0045_22D5000000003;-850.0
202610;236_020_0045_22D5000000004;-750.0
202610;236_020_0045_22D5000000458;-3583.33333
202610;236_020_0045_22F2000000065;8.33333333333333e-05
202610;236_020_0050_10B4000000015;8.33333333333333e-05
202610;236_020_0050_10B4000000016;-5833.33
202610;236_020_0050_10B4000000027;2916.67
202610;236_020_0050_10B4000000048;150000.0
202610;236_020_0050_10B4000001040;11500.0
202610;236_020_0050_10B4000001041;125925.57
202610;236_020_0050_10B4000001048;73212.0
202610;236_020_0050_10B4000001055;101225.0
202610;236_020_0050_10B4000001057;1589014.69
202610;236_020_0050_10B4000001059;2060541.55
202610;236_020_0050_10B4000001060;69533.31
202610;236_020_0050_10B4000001067;-145669.1
202610;236_020_0050_10B4000001069;-315584.91
202610;236_020_0050_10D5000000016;10541.67
202610;236_020_0050_10D5000000264;34027.0
202610;236_020_0050_10D5000000566;31873.0
202610;236_020_0050_10D5000007307;7888.0
202610;236_020_0050_22D5000009482;-18997.26027
202610;236_020_0050_2300000000029;-6428.6
202610;236_020_0050_2300000000030;-42668.42
202610;236_020_0055_GP;558020.874941177
202610;236_020_0060_1000000000505;8.33333333333333e-05
202610;236_020_0060_10B4000000009;222.07
202610;236_020_0060_10B4000000012;62.5
202610;236_020_0060_10B4000000018;70123.23
202610;236_020_0060_10B4000000019;67373.3
202610;236_020_0060_10B4000000020;13650.0
202610;236_020_0060_10B4000000103;51165.19
202610;236_020_0060_10B4000000105;56800.8
202610;236_020_0060_10B4000000107;26082.0
202610;236_020_0060_10B4000000111;82388.77
202610;236_020_0060_10B4000000112;173666.54
202610;236_020_0060_10B4000000279;736163.31
202610;236_020_0060_10B4000000281;5833.0
202610;236_020_0060_10B4000001181;142158.07
202610;236_020_0060_10B4000001189;10000.0
202610;236_020_0060_10B4000001190;1750.0
202610;236_020_0060_10B4000001192;262959.64
202610;236_020_0060_10B4000001197;107010.71
202610;236_020_0060_10B4000001200;208.0
202610;236_020_0060_10B4000002185;10833.0
202610;236_020_0060_10B4000005178;19441.21
202610;236_020_0060_10B4ASS002930;-13333.0
202610;236_020_0060_2200000000011;-5287.0
202610;236_020_0060_2300000000033;-29010.0
202610;236_020_0065_1000000000303;8333.33
202610;236_020_0065_1000000000427;1250.0
202610;236_020_0065_10B4000000004;453322.26
202610;236_020_0065_10B4000000005;501872.28
202610;236_020_0065_10B4000000013;-12500.0
202610;236_020_0065_10B4000000014;-6666.67
202610;236_020_0065_10B4000001067;145669.1
202610;236_020_0065_10B4000001069;315584.91
202610;236_020_0065_10B4000001640;-1666.67
202610;236_020_0065_2300000000036;-11173.14
202610;236_020_0065_2300000000084;8.33333333333333e-05
202610;236_020_0065_2500000000013;7500.0
202610;236_020_0065_2500000001013;1250.0
202610;236_020_0070_0800000000021;6583.333333
202610;236_020_0070_0800000000025;-19761.0
202610;236_020_0070_0800000000030;18044.0
202610;236_020_0070_0800000000432;270517.0
202610;236_020_0070_0800000000442;-16666.6666666667
202610;236_020_0070_0800000001378;3249.0
202610;236_020_0070_0800000002378;69750.0
202610;236_020_0070_0800000003378;62750.0
202610;236_020_0070_1000000000251;1250.0
202610;236_020_0070_1000000000363;5000.0
202610;236_020_0070_2811000000644;-1275.00001341105
202610;236_040_0110_1000000000011;15547.0
202610;236_040_0110_1000000000012;416.0
202610;236_040_0110_1000000000053;410177.0
202610;236_040_0110_1000000000060;21518.0
202610;236_040_0110_1000000000078;3985.0
202610;236_040_0110_1000000000081;19135.0
202610;236_040_0110_1000000000082;34311.0
202610;236_040_0110_1000000000083;56219.0
202610;236_040_0110_1000000000084;69918.0
202610;236_040_0110_1000000000128;74958.0
202610;236_040_0110_1000000000167;545474.0
202610;236_040_0110_1000000000188;827.0
202610;236_040_0110_1000000000200;62935.0
202610;236_040_0110_1000000000220;35000.0
202610;236_040_0110_1000000000221;394686.0
202610;236_040_0110_1000000000271;19701.0
202610;236_040_0110_1000000000299;967.0
202610;236_040_0110_1000000000301;345090.0
202610;236_040_0110_1000000000306;126965.0
202610;236_040_0110_1000000000332;7703.0
202610;236_040_0110_1000000000409;13389.0
202610;236_040_0110_1000000000410;8373.0
202610;236_040_0110_1000000000434;278458.0
202610;236_040_0110_1000000000465;271.0
202610;236_040_0110_1000000000597;48755.0
202610;236_040_0110_2200000000060;-12171.0
202610;236_040_0110_2200000000095;-46261.0
202610;236_040_0110_2200000000100;-2073.0
202610;236_040_0110_2200000000220;-29210.0
202610;236_040_0110_2200000000606;-379.0
202610;236_040_0110_2200000000615;-15.0
202610;236_040_0110_2200000000616;-3626.0
202610;236_040_0110_2500000000012;9807.0
202610;236_040_0110_2500000000424;17455.0
202610;236_040_0110_2500000000544;37095.0
202610;236_040_0110_2500000000545;252.0
202610;236_040_0110_2500000001100;164.0
202610;236_040_0110_2829000000110;-173601.0
202610;236_040_0110_2894000000081;-7903.0
202610;236_040_0110_28D5000000070;-52882.0
202610;236_040_0110_28D5000000162;-11419.0
202610;236_040_0110_28D5000000568;-4833.33333333333
202610;236_040_0110_28D5000000588;-270.0
202610;236_040_0110_28F1000000163;-1122.73333333333
202610;236_040_0115_ATM_1000000000130;163.5229358
202610;236_040_0115_ATM_1000000000448;23276.0685
202610;236_040_0115_ATM_10C2000000159;125576.5819
202610;236_040_0115_ATM_10D5000007065;2475.0
202610;236_040_0115_ATM_22D1000000010;-2.245
202610;236_040_0115_ATM_2300000005203;-10.0
202610;236_040_0115_ATM_2881000000584;-2972.602548
202610;236_040_0115_ATM_28CC000000720;-109197.0278
202610;236_040_0115_ATM_28CC000000724;-127.8333333
202610;236_040_0115_CAR_0800000000013;1074.0
202610;236_040_0115_CAR_1000000000073;9.99308413573825e-14
202610;236_040_0115_CAR_1000000000074;197764.0
202610;236_040_0115_CAR_1000000000096;438332.0
202610;236_040_0115_CAR_1000000000302;32956.0
202610;236_040_0115_CAR_10C2000000058;265826.0
202610;236_040_0115_CAR_10C2000000127;541.0
202610;236_040_0115_CAR_10C2000000128;81656.0
202610;236_040_0115_CAR_10C2000000129;179.0
202610;236_040_0115_CAR_10C2000000135;13105.0
202610;236_040_0115_CAR_10C2000000354;1936700.0
202610;236_040_0115_CAR_10C2000000357;423831.0
202610;236_040_0115_CAR_10C2000000358;257837.0
202610;236_040_0115_CAR_10C2000000360;377589.0
202610;236_040_0115_CAR_10P1000000031;15632.0
202610;236_040_0115_CAR_10P1000000195;-1.43632777859266e-13
202610;236_040_0115_CAR_10P2000000010;5107.0
202610;236_040_0115_CAR_2200000000059;-94650.0
202610;236_040_0115_CAR_2200000000684;-10.0
202610;236_040_0115_CAR_2200000009020;-1280.0
202610;236_040_0115_CAR_22D1000000016;-13938.94175
202610;236_040_0115_CAR_22D1000000904;-31791.52176
202610;236_040_0115_CAR_22D1000000907;-24813.0
202610;236_040_0115_CAR_22D1000002930;8.33333333333333e-05
202610;236_040_0115_CAR_22D5000000135;-13379.0001407266
202610;236_040_0115_CAR_2829000000532;-27136.0
202610;236_040_0115_CAR_2844000000001;-213938.0
202610;236_040_0115_CAR_28CC000000612;-55972.0
202610;236_040_0115_CAR_28CC000000720;-840350.0
202610;236_040_0115_CAR_28CC000000724;-50087.0
202610;236_040_0115_CAR_28CC000000729;-3.02392758000684e-13
202610;236_040_0115_CAR_28CC000000730;225228.0
202610;236_040_0115_CAR_28CC000000733;-85168.0
202610;236_040_0115_CAR_28CC000003930;0.0083333333333333
202610;236_040_0115_CAR_28F1000000163;-2200.0
202610;236_040_0115_COM_1000000000015;1142.0
202610;236_040_0115_COM_1000000000057;552.0
202610;236_040_0115_COM_1000000000089;16383.0
202610;236_040_0115_COM_1000000000090;133.333333333333
202610;236_040_0115_COM_1000000000229;1832.0
202610;236_040_0115_COM_1000000000296;2706.0
202610;236_040_0115_COM_1000000000331;6974.000206390655
202610;236_040_0115_COM_1000000000428;3106.0
202610;236_040_0115_COM_1000000000451;120778.0
202610;236_040_0115_COM_1000000006930;8.33333333333333e-05
202610;236_040_0115_COM_10C2000000054;97571.0
202610;236_040_0115_COM_10C2000000056;50148.0
202610;236_040_0115_COM_10C2000000350;18758.0
202610;236_040_0115_COM_10C2000000351;23798.0
202610;236_040_0115_COM_10C2000000353;2964721.0
202610;236_040_0115_COM_10C2000000355;-21828.0
202610;236_040_0115_COM_10C2000000856;18942.0
202610;236_040_0115_COM_2200000000049;-650.0
202610;236_040_0115_COM_22D1000000316;-2151.0559
202610;236_040_0115_COM_23D1000000704;-1524788.0
202610;236_040_0115_COM_2829000000109;-3192.0
202610;236_040_0115_COM_2829000000110;-14976.0
202610;236_040_0115_COM_2829000000112;-1641.0
202610;236_040_0115_COM_28CC000000613;-38980.0
202610;236_040_0115_COM_28CC000000614;-40196.0
202610;236_040_0115_COM_28CC000000720;-887459.0
202610;236_040_0115_COM_28CC000000724;-35298.0
202610;236_040_0115_COM_28F1000000163;-3522.42
202610;236_040_0115_POS_1000000000090;360092.0
202610;236_040_0115_POS_1000000000253;19008.0
202610;236_040_0115_POS_1000000000470;8.33333333333333e-05
202610;236_040_0115_POS_1000000000473;6468.83333333333
202610;236_040_0115_POS_1000000000510;11719.0
202610;236_040_0115_POS_10C2000000061;-500754.0
202610;236_040_0115_POS_10C2000000070;2212952.9999999786
202610;236_040_0115_POS_10C2000000350;84054.0
202610;236_040_0115_POS_10C2000000353;18829952.999952693
202610;236_040_0115_POS_10C2000000355;-8777.0
202610;236_040_0115_POS_10D5000000087;3000.0
202610;236_040_0115_POS_10D5000000105;750.0
202610;236_040_0115_POS_10D5000000113;117429.4918
202610;236_040_0115_POS_10D5000000118;33121.53
202610;236_040_0115_POS_10P1000000027;8.33333333333333e-05
202610;236_040_0115_POS_10P1000000038;500.0
202610;236_040_0115_POS_10P1000001450;42990.0
202610;236_040_0115_POS_22D1000000216;-9357.09495
202610;236_040_0115_POS_22D1000000657;-49159.99999253188
202610;236_040_0115_POS_22D5000000002;-33750.0
202610;236_040_0115_POS_22D5000000300;-17307.0
202610;236_040_0115_POS_2300000000086;-1981.0
202610;236_040_0115_POS_23D1000000110;-6405.0
202610;236_040_0115_POS_23D1000000114;-10031.0
202610;236_040_0115_POS_23D1000000157;-662446.0
202610;236_040_0115_POS_23D1000000704;-8388772.000045566
202610;236_040_0115_POS_23D1000000706;-1344051.9999903438
202610;236_040_0115_POS_23D5000000324;-9106.88711226063
202610;236_040_0115_POS_2829000000589;-15729.0
202610;236_040_0115_POS_2895000000001;-151562.0
202610;236_040_0115_POS_28B1000001000;-17624.0
202610;236_040_0115_POS_28CC000000605;-2228.0
202610;236_040_0115_POS_28CC000000613;-207203.0
202610;236_040_0115_POS_28CC000000614;-255814.0
202610;236_040_0115_POS_28CC000000720;-4330642.0
202610;236_040_0115_POS_28CC000000724;-14511.0
202610;236_040_0115_POS_28CC000000726;-475292.0
202610;236_040_0115_POS_28CC000000731;-5909.0
202610;236_040_0115_POS_28F1000000163;-7700.0
202610;236_040_0120_0800000000031;-4062.603299
202610;236_040_0120_0800000000437;293070.53
202610;236_040_0120_0800000000440;95115.75848
202610;236_040_0120_1000000000004;79255.95998
202610;236_040_0120_1000000000005;10264.70829
202610;236_040_0120_1000000000017;92766.54
202610;236_040_0120_1000000000019;109387.0947
202610;236_040_0120_1000000000046;3550.671682
202610;236_040_0120_1000000000360;41219.33013
202610;236_040_0120_1000000000361;1867.331822
202610;236_040_0120_1000000000364;15981.24336
202610;236_040_0120_1000000005100;2945.15256
202610;236_040_0120_10D5000000307;6753.6
202610;236_040_0120_2200000000612;-22971.7592
202610;236_040_0120_2500000000009;100.0
202610;236_040_0120_2500000000012;8660.738601
202611;236_020_0040_0800000000008;4027.0
202611;236_020_0040_1000000000097;7651.3
202611;236_020_0040_1000000000120;5235.1
202611;236_020_0040_1000000000152;805.4
202611;236_020_0040_1000000000159;1610.8
202611;236_020_0040_1000000005110;10470.2
202611;236_020_0040_1000000005111;4027.0
202611;236_020_0040_10C1000000709;4593.89
202611;236_020_0040_10C3000000035;526615.62
202611;236_020_0040_10C3000000044;187931.69
202611;236_020_0040_10C3000000311;100230.24
202611;236_020_0040_10C3000000312;121111.54
202611;236_020_0040_10C3000000413;41762.6
202611;236_020_0040_10C3000009407;129464.05
202611;236_020_0040_10D5000001392;300000.0
202611;236_020_0040_10P1000000101;6845.9
202611;236_020_0040_1200000000017;25772.8
202611;236_020_0040_2200000000017;-196513.0
202611;236_020_0040_2200000000217;-40507.0
202611;236_020_0040_2200000001017;-116644.0
202611;236_020_0040_22D5000005100;-15497.0
202611;236_020_0043_0800000000405;-1610.8
202611;236_020_0043_1000000000010;21745.8
202611;236_020_0043_1000000000061;161.08
202611;236_020_0043_1000000000119;28591.7
202611;236_020_0043_1000000000120;20940.4
202611;236_020_0043_1000000000159;19329.6
202611;236_020_0043_1000000000240;358812.0
202611;236_020_0043_1000000000385;201.35
202611;236_020_0043_1000000000440;8.33333333333333e-05
202611;236_020_0043_10C1000000709;17718.809999999998
202611;236_020_0043_10C3000000301;1297.9691963999999
202611;236_020_0043_10C3000000307;70572.994263
202611;236_020_0043_10C3000000308;42181.559785
202611;236_020_0043_10C3000000311;4461.98
202611;236_020_0043_10C3000000312;7301.43
202611;236_020_0043_10C3000000412;192656.16244669998
202611;236_020_0043_10C3000000413;42992.7436267
202611;236_020_0043_10D5000001393;800000.0
202611;236_020_0043_10D5000009456;160000.0
202611;236_020_0043_1200000000017;32216.0
202611;236_020_0043_22D5000000161;-2300.0
202611;236_020_0043_2300000000014;-1393.0
202611;236_020_0043_2300000000015;-56735.0
202611;236_020_0043_2300000000032;-5626.23
202611;236_020_0043_2300000000110;-149623.0
202611;236_020_0043_2300000005214;-12081.0
202611;236_020_0045_1000000000042;91666.67
202611;236_020_0045_1000000000059;14000.0
202611;236_020_0045_1000000000273;64156.25
202611;236_020_0045_1000000000350;1083.33333333333
202611;236_020_0045_1000000000476;3000.0
202611;236_020_0045_1000000000726;125.0
202611;236_020_0045_10P1000000193;83.33
202611;236_020_0045_2200000004608;-568.67
202611;236_020_0045_2200000009030;-36800.0
202611;236_020_0045_2200000009031;-52065.0
202611;236_020_0045_22D5000000003;-850.0
202611;236_020_0045_22D5000000004;-750.0
202611;236_020_0045_22D5000000458;-3583.33333
202611;236_020_0045_22F2000000065;8.33333333333333e-05
202611;236_020_0050_10B4000000015;8.33333333333333e-05
202611;236_020_0050_10B4000000016;-5833.33
202611;236_020_0050_10B4000000027;2916.67
202611;236_020_0050_10B4000000048;100000.0
202611;236_020_0050_10B4000001040;11500.0
202611;236_020_0050_10B4000001041;122510.0
202611;236_020_0050_10B4000001048;73464.0
202611;236_020_0050_10B4000001055;101487.5
202611;236_020_0050_10B4000001057;1552258.03
202611;236_020_0050_10B4000001059;2010734.6300000001
202611;236_020_0050_10B4000001060;69088.64
202611;236_020_0050_10B4000001067;-144829.2
202611;236_020_0050_10B4000001069;-309088.0
202611;236_020_0050_10D5000000016;10541.67
202611;236_020_0050_10D5000000264;34910.0
202611;236_020_0050_10D5000000566;30845.0
202611;236_020_0050_10D5000007307;7888.0
202611;236_020_0050_22D5000009482;-18997.26027
202611;236_020_0050_2300000000029;-6428.6
202611;236_020_0050_2300000000030;-42668.42
202611;236_020_0055_GP;542567.539161177
202611;236_020_0060_1000000000505;8.33333333333333e-05
202611;236_020_0060_10B4000000009;214.91
202611;236_020_0060_10B4000000012;62.5
202611;236_020_0060_10B4000000018;72671.55
202611;236_020_0060_10B4000000019;69821.68
202611;236_020_0060_10B4000000020;12840.0
202611;236_020_0060_10B4000000103;49514.7
202611;236_020_0060_10B4000000105;56800.8
202611;236_020_0060_10B4000000107;23908.5
202611;236_020_0060_10B4000000111;66302.59
202611;236_020_0060_10B4000000112;171939.8
202611;236_020_0060_10B4000000279;713561.17
202611;236_020_0060_10B4000000281;5833.0
202611;236_020_0060_10B4000001181;140964.17
202611;236_020_0060_10B4000001189;10000.0
202611;236_020_0060_10B4000001190;1750.0
202611;236_020_0060_10B4000001192;256141.82
202611;236_020_0060_10B4000001197;86117.15
202611;236_020_0060_10B4000001200;208.0
202611;236_020_0060_10B4000002185;10833.0
202611;236_020_0060_10B4000005178;18292.38
202611;236_020_0060_10B4ASS002930;-13333.0
202611;236_020_0060_2200000000011;-5287.0
202611;236_020_0060_2300000000033;-29010.0
202611;236_020_0065_1000000000303;8333.33
202611;236_020_0065_1000000000427;1250.0
202611;236_020_0065_10B4000000004;444617.27
202611;236_020_0065_10B4000000005;489763.62
202611;236_020_0065_10B4000000013;-12500.0
202611;236_020_0065_10B4000000014;-6666.67
202611;236_020_0065_10B4000001067;144829.2
202611;236_020_0065_10B4000001069;309088.0
202611;236_020_0065_10B4000001640;-1666.67
202611;236_020_0065_2300000000036;-11173.14
202611;236_020_0065_2300000000084;8.33333333333333e-05
202611;236_020_0065_2500000000013;7500.0
202611;236_020_0065_2500000001013;1250.0
202611;236_020_0070_0800000000021;6583.333333
202611;236_020_0070_0800000000025;-19761.0
202611;236_020_0070_0800000000030;18044.0
202611;236_020_0070_0800000000432;270517.0
202611;236_020_0070_0800000000442;-16666.6666666667
202611;236_020_0070_0800000001378;3249.0
202611;236_020_0070_0800000002378;69750.0
202611;236_020_0070_0800000003378;62750.0
202611;236_020_0070_1000000000251;1250.0
202611;236_020_0070_1000000000363;5000.0
202611;236_020_0070_2811000000644;-1230.00003397465
202611;236_040_0110_1000000000011;15529.0
202611;236_040_0110_1000000000012;325.0
202611;236_040_0110_1000000000053;372453.0
202611;236_040_0110_1000000000060;20411.0
202611;236_040_0110_1000000000078;3558.0
202611;236_040_0110_1000000000081;13810.0
202611;236_040_0110_1000000000082;24923.0
202611;236_040_0110_1000000000083;78368.0
202611;236_040_0110_1000000000084;79423.0
202611;236_040_0110_1000000000128;72752.0
202611;236_040_0110_1000000000167;464818.0
202611;236_040_0110_1000000000188;1026.0
202611;236_040_0110_1000000000200;62935.0
202611;236_040_0110_1000000000220;35000.0
202611;236_040_0110_1000000000221;400255.0
202611;236_040_0110_1000000000271;16748.0
202611;236_040_0110_1000000000299;1026.0
202611;236_040_0110_1000000000301;309531.0
202611;236_040_0110_1000000000306;165706.0
202611;236_040_0110_1000000000332;7422.0
202611;236_040_0110_1000000000409;7167.0
202611;236_040_0110_1000000000410;6370.0
202611;236_040_0110_1000000000434;288623.0
202611;236_040_0110_1000000000465;340.0
202611;236_040_0110_1000000000597;53094.0
202611;236_040_0110_2200000000060;-11568.0
202611;236_040_0110_2200000000095;-54551.0
202611;236_040_0110_2200000000100;-2340.0
202611;236_040_0110_2200000000220;-29783.0
202611;236_040_0110_2200000000606;-410.0
202611;236_040_0110_2200000000615;-52.0
202611;236_040_0110_2200000000616;-1666.0
202611;236_040_0110_2500000000012;9373.0
202611;236_040_0110_2500000000424;14969.0
202611;236_040_0110_2500000000544;22274.0
202611;236_040_0110_2500000001100;87.0
202611;236_040_0110_2829000000110;-165094.0
202611;236_040_0110_2894000000081;-7166.0
202611;236_040_0110_28D5000000070;-52882.0
202611;236_040_0110_28D5000000162;-11419.0
202611;236_040_0110_28D5000000568;-4833.33333333333
202611;236_040_0110_28D5000000588;-270.0
202611;236_040_0110_28F1000000163;-1122.73333333333
202611;236_040_0115_ATM_1000000000130;163.5229358
202611;236_040_0115_ATM_1000000000448;21800.3155
202611;236_040_0115_ATM_10C2000000159;112065.7732
202611;236_040_0115_ATM_10D5000007065;2475.0
202611;236_040_0115_ATM_22D1000000010;-2.245
202611;236_040_0115_ATM_2300000005203;-10.0
202611;236_040_0115_ATM_2881000000584;-2876.712466
202611;236_040_0115_ATM_28CC000000720;-97448.49846
202611;236_040_0115_ATM_28CC000000724;-127.8333333
202611;236_040_0115_CAR_0800000000013;1202.0
202611;236_040_0115_CAR_1000000000073;9.99308413573825e-14
202611;236_040_0115_CAR_1000000000074;200391.0
202611;236_040_0115_CAR_1000000000096;434426.0
202611;236_040_0115_CAR_1000000000302;32746.0
202611;236_040_0115_CAR_10C2000000058;283620.0
202611;236_040_0115_CAR_10C2000000127;523.0
202611;236_040_0115_CAR_10C2000000128;80895.0
202611;236_040_0115_CAR_10C2000000129;75.0
202611;236_040_0115_CAR_10C2000000135;12831.0
202611;236_040_0115_CAR_10C2000000354;1895089.0
202611;236_040_0115_CAR_10C2000000357;404697.0
202611;236_040_0115_CAR_10C2000000358;245993.0
202611;236_040_0115_CAR_10C2000000360;367744.0
202611;236_040_0115_CAR_10P1000000031;11695.0
202611;236_040_0115_CAR_10P1000000195;-1.43632777859266e-13
202611;236_040_0115_CAR_10P2000000010;5198.0
202611;236_040_0115_CAR_2200000000059;-97557.0
202611;236_040_0115_CAR_2200000000684;-16.0
202611;236_040_0115_CAR_2200000009020;-1280.0
202611;236_040_0115_CAR_22D1000000016;-13938.94175
202611;236_040_0115_CAR_22D1000000904;-31791.52176
202611;236_040_0115_CAR_22D1000000907;-28179.0
202611;236_040_0115_CAR_22D1000002930;8.33333333333333e-05
202611;236_040_0115_CAR_22D5000000135;-12906.8003565073
202611;236_040_0115_CAR_23D1000000110;-3269.0
202611;236_040_0115_CAR_2829000000532;-30153.0
202611;236_040_0115_CAR_2844000000001;-206568.0
202611;236_040_0115_CAR_28CC000000612;-57373.0
202611;236_040_0115_CAR_28CC000000720;-956514.0
202611;236_040_0115_CAR_28CC000000724;-50343.0
202611;236_040_0115_CAR_28CC000000729;-3.02392758000684e-13
202611;236_040_0115_CAR_28CC000000730;228212.0
202611;236_040_0115_CAR_28CC000000733;-83561.0
202611;236_040_0115_CAR_28CC000003930;0.0083333333333333
202611;236_040_0115_CAR_28F1000000163;-2200.0
202611;236_040_0115_COM_1000000000015;2073.0
202611;236_040_0115_COM_1000000000057;-11.0
202611;236_040_0115_COM_1000000000089;13989.0
202611;236_040_0115_COM_1000000000090;133.333333333333
202611;236_040_0115_COM_1000000000229;-1260.0
202611;236_040_0115_COM_1000000000296;3031.0
202611;236_040_0115_COM_1000000000331;4900.000206390655
202611;236_040_0115_COM_1000000000428;1242.0
202611;236_040_0115_COM_1000000000451;126476.0
202611;236_040_0115_COM_1000000006930;8.33333333333333e-05
202611;236_040_0115_COM_10C2000000054;68411.0
202611;236_040_0115_COM_10C2000000056;56430.0
202611;236_040_0115_COM_10C2000000350;19768.0
202611;236_040_0115_COM_10C2000000351;30212.0
202611;236_040_0115_COM_10C2000000353;3108157.0
202611;236_040_0115_COM_10C2000000355;-16626.0
202611;236_040_0115_COM_10C2000000856;18404.0
202611;236_040_0115_COM_2200000000049;-675.0
202611;236_040_0115_COM_22D1000000316;-2151.0559
202611;236_040_0115_COM_23D1000000704;-1550089.0
202611;236_040_0115_COM_2829000000109;-3129.0
202611;236_040_0115_COM_2829000000110;-15683.0
202611;236_040_0115_COM_2829000000112;-1589.0
202611;236_040_0115_COM_28CC000000613;-38265.0
202611;236_040_0115_COM_28CC000000614;-39459.0
202611;236_040_0115_COM_28CC000000720;-923895.0
202611;236_040_0115_COM_28CC000000724;-37908.0
202611;236_040_0115_COM_28F1000000163;-3522.42
202611;236_040_0115_POS_1000000000090;159012.0
202611;236_040_0115_POS_1000000000253;33405.0
202611;236_040_0115_POS_1000000000470;8.33333333333333e-05
202611;236_040_0115_POS_1000000000473;6468.83333333333
202611;236_040_0115_POS_1000000000510;4985.0
202611;236_040_0115_POS_10C2000000061;-470566.0
202611;236_040_0115_POS_10C2000000070;2169953.9999999907
202611;236_040_0115_POS_10C2000000350;64178.0
202611;236_040_0115_POS_10C2000000353;16441262.000041252
202611;236_040_0115_POS_10C2000000355;-8247.0
202611;236_040_0115_POS_10D5000000087;3000.0
202611;236_040_0115_POS_10D5000000105;750.0
202611;236_040_0115_POS_10D5000000113;114675.5447
202611;236_040_0115_POS_10D5000000118;32343.75
202611;236_040_0115_POS_10P1000000027;8.33333333333333e-05
202611;236_040_0115_POS_10P1000000038;500.0
202611;236_040_0115_POS_10P1000001450;24231.0
202611;236_040_0115_POS_22D1000000216;-9357.09495
202611;236_040_0115_POS_22D1000000657;-41993.99995882213
202611;236_040_0115_POS_22D5000000002;-33750.0
202611;236_040_0115_POS_22D5000000300;-17307.0
202611;236_040_0115_POS_2300000000086;-791.0
202611;236_040_0115_POS_23D1000000110;-6021.0
202611;236_040_0115_POS_23D1000000114;-19486.0
202611;236_040_0115_POS_23D1000000157;-557117.0
202611;236_040_0115_POS_23D1000000704;-7348637.999974003
202611;236_040_0115_POS_23D1000000706;-1348800.643015602
202611;236_040_0115_POS_23D5000000324;-10444.4980999922
202611;236_040_0115_POS_2829000000589;-15221.0
202611;236_040_0115_POS_2895000000001;-148618.0
202611;236_040_0115_POS_28B1000001000;-11015.0
202611;236_040_0115_POS_28CC000000605;-2499.0
202611;236_040_0115_POS_28CC000000613;-208614.0
202611;236_040_0115_POS_28CC000000614;-257557.0
202611;236_040_0115_POS_28CC000000720;-3984505.0
202611;236_040_0115_POS_28CC000000724;-13337.0
202611;236_040_0115_POS_28CC000000726;-476565.0
202611;236_040_0115_POS_28CC000000731;-2695.0
202611;236_040_0115_POS_28F1000000163;-7700.0
202611;236_040_0120_0800000000031;-1827.101225
202611;236_040_0120_0800000000437;274040.62
202611;236_040_0120_0800000000440;83791.31839
202611;236_040_0120_1000000000004;76205.69205
202611;236_040_0120_1000000000005;7070.74613
202611;236_040_0120_1000000000017;55288.98
202611;236_040_0120_1000000000019;106106.0268
202611;236_040_0120_1000000000046;3712.197743
202611;236_040_0120_1000000000360;38733.49001
202611;236_040_0120_1000000000361;1456.607796
202611;236_040_0120_1000000000364;17805.05915
202611;236_040_0120_1000000005100;2565.82032
202611;236_040_0120_10D5000000307;7024.8
202611;236_040_0120_2200000000612;-34031.1872
202611;236_040_0120_2500000000009;243.68
202611;236_040_0120_2500000000012;6994.556409
202612;236_020_0040_0800000000008;3710.0
202612;236_020_0040_1000000000097;7049.0
202612;236_020_0040_1000000000120;4823.0
202612;236_020_0040_1000000000152;742.0
202612;236_020_0040_1000000000159;1484.0
202612;236_020_0040_1000000005110;9646.0
202612;236_020_0040_1000000005111;3710.0
202612;236_020_0040_10C1000000709;4232.26
202612;236_020_0040_10C3000000035;485156.56
202612;236_020_0040_10C3000000044;173137.96
202612;236_020_0040_10C3000000311;92340.25
202612;236_020_0040_10C3000000312;111577.8
202612;236_020_0040_10C3000000413;38475.1
202612;236_020_0040_10C3000009407;119272.82
202612;236_020_0040_10P1000000101;6307.0
202612;236_020_0040_1200000000017;23744.0
202612;236_020_0040_2200000000017;-181043.0
202612;236_020_0040_2200000000217;-37318.0
202612;236_020_0040_2200000001017;-107461.0
202612;236_020_0040_22D5000005100;-13356.0
202612;236_020_0043_0800000000405;-1484.0
202612;236_020_0043_1000000000010;20034.0
202612;236_020_0043_1000000000061;148.4
202612;236_020_0043_1000000000119;26341.0
202612;236_020_0043_1000000000120;19292.0
202612;236_020_0043_1000000000159;17808.0
202612;236_020_0043_1000000000240;311496.13
202612;236_020_0043_1000000000385;185.5
202612;236_020_0043_1000000000440;8.33333333333333e-05
202612;236_020_0043_10C1000000709;16323.999999999998
202612;236_020_0043_10C3000000301;1195.8600000000001
202612;236_020_0043_10C3000000307;65017.583479
202612;236_020_0043_10C3000000308;38861.08438200001
202612;236_020_0043_10C3000000311;4110.31
202612;236_020_0043_10C3000000312;6725.96
202612;236_020_0043_10C3000000412;177490.52966149998
202612;236_020_0043_10C3000000413;39608.4129258
202612;236_020_0043_10D5000009456;70000.0
202612;236_020_0043_1200000000017;29680.0
202612;236_020_0043_22D5000000161;-2300.0
202612;236_020_0043_2300000000014;-1283.0
202612;236_020_0043_2300000000015;-52269.0
202612;236_020_0043_2300000000032;-5183.34
202612;236_020_0043_2300000000110;-137844.0
202612;236_020_0043_2300000005214;-11130.0
202612;236_020_0045_1000000000042;91666.67
202612;236_020_0045_1000000000059;14000.0
202612;236_020_0045_1000000000273;55696.09
202612;236_020_0045_1000000000350;1083.33333333333
202612;236_020_0045_1000000000476;3000.0
202612;236_020_0045_1000000000726;125.0
202612;236_020_0045_10P1000000193;83.33
202612;236_020_0045_2200000004608;-568.67
202612;236_020_0045_2200000009030;-36800.0
202612;236_020_0045_2200000009031;-52065.0
202612;236_020_0045_22D5000000003;-850.0
202612;236_020_0045_22D5000000004;-750.0
202612;236_020_0045_22D5000000458;-3583.33333
202612;236_020_0045_22F2000000065;8.33333333333333e-05
202612;236_020_0050_10B4000000015;8.33333333333333e-05
202612;236_020_0050_10B4000000016;-5833.33
202612;236_020_0050_10B4000000027;2916.67
202612;236_020_0050_10B4000000048;100000.0
202612;236_020_0050_10B4000001040;11500.0
202612;236_020_0050_10B4000001041;127454.63
202612;236_020_0050_10B4000001048;69348.0
202612;236_020_0050_10B4000001055;95725.0
202612;236_020_0050_10B4000001057;1618055.21
202612;236_020_0050_10B4000001059;2094587.73
202612;236_020_0050_10B4000001060;73195.09
202612;236_020_0050_10B4000001067;-153644.58
202612;236_020_0050_10B4000001069;-323196.97
202612;236_020_0050_10D5000000016;10541.67
202612;236_020_0050_10D5000000264;38114.0
202612;236_020_0050_10D5000000566;31873.0
202612;236_020_0050_10D5000007307;63888.0
202612;236_020_0050_22D5000009482;-18997.26027
202612;236_020_0050_2300000000029;-6428.62
202612;236_020_0050_2300000000030;-42668.47
202612;236_020_0055_GP;563223.172371177
202612;236_020_0060_1000000000505;8.33333333333333e-05
202612;236_020_0060_10B4000000009;222.07
202612;236_020_0060_10B4000000012;62.5
202612;236_020_0060_10B4000000018;70603.79
202612;236_020_0060_10B4000000019;67835.02
202612;236_020_0060_10B4000000020;8340.0
202612;236_020_0060_10B4000000103;51165.19
202612;236_020_0060_10B4000000105;35562.24
202612;236_020_0060_10B4000000107;19561.5
202612;236_020_0060_10B4000000111;66654.05
202612;236_020_0060_10B4000000112;181293.19
202612;236_020_0060_10B4000000279;738381.48
202612;236_020_0060_10B4000000281;5834.0
202612;236_020_0060_10B4000001181;139987.21
202612;236_020_0060_10B4000001189;10000.0
202612;236_020_0060_10B4000001190;28750.0
202612;236_020_0060_10B4000001192;266116.64
202612;236_020_0060_10B4000001197;86573.65
202612;236_020_0060_10B4000001200;209.0
202612;236_020_0060_10B4000001201;500.0
202612;236_020_0060_10B4000002185;10834.0
202612;236_020_0060_10B4000005178;18363.04
202612;236_020_0060_10B4ASS002930;-13334.0
202612;236_020_0060_2200000000011;-5287.0
202612;236_020_0060_2300000000033;-29009.0
202612;236_020_0065_1000000000303;8333.33
202612;236_020_0065_1000000000427;1250.0
202612;236_020_0065_10B4000000004;466442.98
202612;236_020_0065_10B4000000005;510918.3
202612;236_020_0065_10B4000000013;-12500.0
202612;236_020_0065_10B4000000014;-6666.67
202612;236_020_0065_10B4000001067;153644.58
202612;236_020_0065_10B4000001069;323196.97
202612;236_020_0065_10B4000001640;-1666.67
202612;236_020_0065_2300000000036;-11173.09
202612;236_020_0065_2300000000084;8.33333333333333e-05
202612;236_020_0065_2500000000013;145000.0
202612;236_020_0065_2500000001013;1250.0
202612;236_020_0070_0800000000021;6583.333333
202612;236_020_0070_0800000000025;-19761.0
202612;236_020_0070_0800000000030;18044.0
202612;236_020_0070_0800000000432;270517.0
202612;236_020_0070_0800000000442;-16666.6666666667
202612;236_020_0070_0800000001378;3249.0
202612;236_020_0070_0800000002378;69750.0
202612;236_020_0070_0800000003378;62750.0
202612;236_020_0070_1000000000251;1250.0
202612;236_020_0070_1000000000363;5000.0
202612;236_020_0070_2811000000644;-1275.00001341105
202612;236_040_0110_1000000000011;15656.0
202612;236_040_0110_1000000000012;407.0
202612;236_040_0110_1000000000053;393902.0
202612;236_040_0110_1000000000060;20594.0
202612;236_040_0110_1000000000078;4084.0
202612;236_040_0110_1000000000081;23365.0
202612;236_040_0110_1000000000082;32516.0
202612;236_040_0110_1000000000083;78144.0
202612;236_040_0110_1000000000084;82452.0
202612;236_040_0110_1000000000128;81307.0
202612;236_040_0110_1000000000167;543380.0
202612;236_040_0110_1000000000188;982.0
202612;236_040_0110_1000000000200;61994.0
202612;236_040_0110_1000000000220;35416.0
202612;236_040_0110_1000000000221;487570.0
202612;236_040_0110_1000000000271;21117.0
202612;236_040_0110_1000000000299;979.0
202612;236_040_0110_1000000000301;388518.0
202612;236_040_0110_1000000000306;288804.0
202612;236_040_0110_1000000000332;8578.0
202612;236_040_0110_1000000000409;7866.0
202612;236_040_0110_1000000000410;9925.0
202612;236_040_0110_1000000000434;282447.0
202612;236_040_0110_1000000000465;464.0
202612;236_040_0110_1000000000597;52275.0
202612;236_040_0110_2200000000060;-11670.0
202612;236_040_0110_2200000000095;-63919.0
202612;236_040_0110_2200000000100;-2501.0
202612;236_040_0110_2200000000220;-38922.0
202612;236_040_0110_2200000000615;-22.0
202612;236_040_0110_2200000000616;-3472.0
202612;236_040_0110_2500000000012;10177.0
202612;236_040_0110_2500000000424;14751.0
202612;236_040_0110_2500000000544;32761.0
202612;236_040_0110_2500000000545;42.0
202612;236_040_0110_2500000001100;542.0
202612;236_040_0110_2829000000110;-176797.0
202612;236_040_0110_2894000000081;-7306.0
202612;236_040_0110_28D5000000070;-52882.0
202612;236_040_0110_28D5000000162;-11419.0
202612;236_040_0110_28D5000000568;-4833.33333333333
202612;236_040_0110_28D5000000588;-270.0
202612;236_040_0110_28F1000000163;-1122.73333333333
202612;236_040_0115_ATM_1000000000130;204.4036697
202612;236_040_0115_ATM_1000000000448;24820.935
202612;236_040_0115_ATM_10C2000000159;138503.8638
202612;236_040_0115_ATM_10D5000007065;2475.0
202612;236_040_0115_ATM_22D1000000010;-2.245
202612;236_040_0115_ATM_2300000005203;-10.0
202612;236_040_0115_ATM_2881000000584;-2972.602548
202612;236_040_0115_ATM_28CC000000720;-120438.1425
202612;236_040_0115_ATM_28CC000000724;-127.8333333
202612;236_040_0115_CAR_0800000000013;1045.0
202612;236_040_0115_CAR_1000000000073;9.99308413573825e-14
202612;236_040_0115_CAR_1000000000074;229337.0
202612;236_040_0115_CAR_1000000000096;472833.0
202612;236_040_0115_CAR_1000000000302;30360.0
202612;236_040_0115_CAR_10C2000000058;323460.0
202612;236_040_0115_CAR_10C2000000127;613.0
202612;236_040_0115_CAR_10C2000000128;86244.0
202612;236_040_0115_CAR_10C2000000129;114.0
202612;236_040_0115_CAR_10C2000000135;12957.0
202612;236_040_0115_CAR_10C2000000354;2115470.0
202612;236_040_0115_CAR_10C2000000357;360958.0
202612;236_040_0115_CAR_10C2000000358;289743.0
202612;236_040_0115_CAR_10C2000000360;371798.0
202612;236_040_0115_CAR_10P1000000031;7827.0
202612;236_040_0115_CAR_10P1000000195;-1.43632777859266e-13
202612;236_040_0115_CAR_10P2000000010;5193.0
202612;236_040_0115_CAR_2200000000059;-100722.0
202612;236_040_0115_CAR_2200000000684;-16.0
202612;236_040_0115_CAR_2200000009020;-1280.0
202612;236_040_0115_CAR_22D1000000016;-13938.94175
202612;236_040_0115_CAR_22D1000000904;-31791.52176
202612;236_040_0115_CAR_22D1000000907;-26819.0
202612;236_040_0115_CAR_22D1000002930;8.33333333333333e-05
202612;236_040_0115_CAR_22D5000000135;-13379.0001407266
202612;236_040_0115_CAR_2829000000532;-50931.0
202612;236_040_0115_CAR_2844000000001;-332669.0
202612;236_040_0115_CAR_28CC000000612;-64898.0
202612;236_040_0115_CAR_28CC000000720;-1046646.0
202612;236_040_0115_CAR_28CC000000724;-58508.0
202612;236_040_0115_CAR_28CC000000729;-3.02392758000684e-13
202612;236_040_0115_CAR_28CC000000730;242673.0
202612;236_040_0115_CAR_28CC000000733;-83561.0
202612;236_040_0115_CAR_28CC000003930;0.0083333333333333
202612;236_040_0115_CAR_28F1000000163;-2200.0
202612;236_040_0115_COM_1000000000015;1257.0
202612;236_040_0115_COM_1000000000057;316.0
202612;236_040_0115_COM_1000000000074;610000.0
202612;236_040_0115_COM_1000000000089;16560.0
202612;236_040_0115_COM_1000000000090;133.333333333333
202612;236_040_0115_COM_1000000000229;1130.0
202612;236_040_0115_COM_1000000000296;3873.0
202612;236_040_0115_COM_1000000000331;20412.000206390654
202612;236_040_0115_COM_1000000000428;1118.0
202612;236_040_0115_COM_1000000000451;119505.0
202612;236_040_0115_COM_1000000006930;8.33333333333333e-05
202612;236_040_0115_COM_10C2000000054;31984.0
202612;236_040_0115_COM_10C2000000056;66336.0
202612;236_040_0115_COM_10C2000000350;20088.0
202612;236_040_0115_COM_10C2000000351;31446.0
202612;236_040_0115_COM_10C2000000353;2979295.0
202612;236_040_0115_COM_10C2000000355;-21212.0
202612;236_040_0115_COM_10C2000000856;16900.0
202612;236_040_0115_COM_2200000000049;-784.0
202612;236_040_0115_COM_22D1000000316;-2151.0559
202612;236_040_0115_COM_23D1000000704;-1414657.0
202612;236_040_0115_COM_2829000000109;-3416.0
202612;236_040_0115_COM_2829000000110;-14819.0
202612;236_040_0115_COM_2829000000112;-1641.0
202612;236_040_0115_COM_28CC000000613;-49100.0
202612;236_040_0115_COM_28CC000000614;-50632.0
202612;236_040_0115_COM_28CC000000720;-869805.0
202612;236_040_0115_COM_28CC000000724;-37222.0
202612;236_040_0115_COM_28F1000000163;-3522.42
202612;236_040_0115_POS_1000000000074;700000.0
202612;236_040_0115_POS_1000000000090;151845.0
202612;236_040_0115_POS_1000000000253;17049.0
202612;236_040_0115_POS_1000000000470;8.33333333333333e-05
202612;236_040_0115_POS_1000000000473;6468.83333333333
202612;236_040_0115_POS_1000000000510;3381.0
202612;236_040_0115_POS_10C2000000061;-493888.0
202612;236_040_0115_POS_10C2000000070;2643464.999999997
202612;236_040_0115_POS_10C2000000350;86081.0
202612;236_040_0115_POS_10C2000000353;19337438.999933816
202612;236_040_0115_POS_10C2000000355;-8656.0
202612;236_040_0115_POS_10D5000000087;3000.0
202612;236_040_0115_POS_10D5000000105;750.0
202612;236_040_0115_POS_10D5000000113;117194.1326
202612;236_040_0115_POS_10D5000000118;33054.78
202612;236_040_0115_POS_10P1000000027;8.33333333333333e-05
202612;236_040_0115_POS_10P1000000038;500.0
202612;236_040_0115_POS_10P1000001450;16683.0
202612;236_040_0115_POS_22D1000000216;-9357.09495
202612;236_040_0115_POS_22D1000000657;-51277.000002490386
202612;236_040_0115_POS_22D5000000002;-33750.0
202612;236_040_0115_POS_22D5000000300;-17307.0
202612;236_040_0115_POS_2300000000086;-533.0
202612;236_040_0115_POS_23D1000000110;-6446.0
202612;236_040_0115_POS_23D1000000114;-9110.0
202612;236_040_0115_POS_23D1000000157;-684093.0
202612;236_040_0115_POS_23D1000000704;-8401709.000046441
202612;236_040_0115_POS_23D1000000706;-1597091.0001218002
202612;236_040_0115_POS_23D5000000324;-11986.5302676798
202612;236_040_0115_POS_2829000000589;-15729.0
202612;236_040_0115_POS_2895000000001;-80951.0
202612;236_040_0115_POS_28B1000001000;-12774.0
202612;236_040_0115_POS_28CC000000605;-1658.0
202612;236_040_0115_POS_28CC000000613;-262043.0
202612;236_040_0115_POS_28CC000000614;-323521.0
202612;236_040_0115_POS_28CC000000720;-4753049.0
202612;236_040_0115_POS_28CC000000724;-15932.0
202612;236_040_0115_POS_28CC000000726;-506718.0
202612;236_040_0115_POS_28CC000000731;-1931.0
202612;236_040_0115_POS_28F1000000163;-7700.0
202612;236_040_0120_0800000000031;-958.8649352
202612;236_040_0120_0800000000437;296346.07
202612;236_040_0120_0800000000440;64453.668
202612;236_040_0120_1000000000004;81283.19691
202612;236_040_0120_1000000000005;11137.10429
202612;236_040_0120_1000000000017;57714.168
202612;236_040_0120_1000000000019;115996.152
202612;236_040_0120_1000000000046;3765.394949
202612;236_040_0120_1000000000330;1580.0
202612;236_040_0120_1000000000360;41323.0014
202612;236_040_0120_1000000000361;1273.343729
202612;236_040_0120_1000000000364;17568.43436
202612;236_040_0120_1000000005100;4298.91184
202612;236_040_0120_10D5000000307;7308.0
202612;236_040_0120_2200000000612;-25882.6968
202612;236_040_0120_2500000000009;93.0
202612;236_040_0120_2500000000012;7294.554369
202712;236_020_0040_0800000000008;50000.0
202712;236_020_0040_1000000000097;85000.0
202712;236_020_0040_1000000000120;65000.0
202712;236_020_0040_1000000000152;13000.0
202712;236_020_0040_1000000000159;20000.0
202712;236_020_0040_1000000005110;132383.33
202712;236_020_0040_1000000005111;50916.67
202712;236_020_0040_10C1000000709;57518.96
202712;236_020_0040_10C3000000035;6669503.14
202712;236_020_0040_10C3000000044;2353048.48
202712;236_020_0040_10C3000000311;1254959.19
202712;236_020_0040_10C3000000312;1516409.02
202712;236_020_0040_10C3000000413;522899.66
202712;236_020_0040_10C3000009407;1620988.96
202712;236_020_0040_10D5000001392;600000.0
202712;236_020_0040_10P1000000101;87550.0
202712;236_020_0040_1200000000017;329600.0
202712;236_020_0040_2200000000017;-2488741.0
202712;236_020_0040_2200000000217;-513002.0
202712;236_020_0040_2200000001017;-1477239.0
202712;236_020_0040_22D5000005100;-183300.0
202712;236_020_0043_0800000000405;-20000.0
202712;236_020_0043_1000000000010;250000.0
202712;236_020_0043_1000000000061;2000.0
202712;236_020_0043_1000000000119;355000.0
202712;236_020_0043_1000000000120;260000.0
202712;236_020_0043_1000000000159;240000.0
202712;236_020_0043_1000000000240;4337288.0
202712;236_020_0043_1000000000385;2500.0
202712;236_020_0043_1000000000440;0.001
202712;236_020_0043_10C1000000709;220000.0
202712;236_020_0043_10C3000000301;16533.852687
202712;236_020_0043_10C3000000307;899005.20646
202712;236_020_0043_10C3000000308;537336.4452000001
202712;236_020_0043_10C3000000311;56833.66
202712;236_020_0043_10C3000000312;93000.54
202712;236_020_0043_10C3000000412;2454180.87941
202712;236_020_0043_10C3000000413;547669.838371
202712;236_020_0043_10D5000001393;1350000.0
202712;236_020_0043_10D5000009456;1600000.0
202712;236_020_0043_1200000000017;404000.0
202712;236_020_0043_22D5000000161;-26000.00004
202712;236_020_0043_2300000000014;-17643.0
202712;236_020_0043_2300000000015;-718524.0
202712;236_020_0043_2300000000032;-64930.0
202712;236_020_0043_2300000000110;-1903200.0
202712;236_020_0043_2300000005214;-151500.0
202712;236_020_0045_1000000000042;1125000.0
202712;236_020_0045_1000000000059;170000.0
202712;236_020_0045_1000000000273;765064.68
202712;236_020_0045_1000000000350;13000.0
202712;236_020_0045_1000000000726;1500.0
202712;236_020_0045_10P1000000193;1000.0
202712;236_020_0045_2200000004608;-6824.0
202712;236_020_0045_2200000009030;-441600.0
202712;236_020_0045_2200000009031;-624780.0
202712;236_020_0045_22D5000000003;-10200.0
202712;236_020_0045_22D5000000004;-9000.0
202712;236_020_0045_22D5000000458;-42999.99996
202712;236_020_0045_22F2000000065;0.001
202712;236_020_0050_10B4000000015;0.001
202712;236_020_0050_10B4000000016;-70000.0
202712;236_020_0050_10B4000000027;35000.0
202712;236_020_0050_10B4000000048;1000000.0
202712;236_020_0050_10B4000001040;135000.0
202712;236_020_0050_10B4000001041;1525934.4
202712;236_020_0050_10B4000001048;792000.0
202712;236_020_0050_10B4000001055;1143750.0
202712;236_020_0050_10B4000001057;19827831.689999998
202712;236_020_0050_10B4000001059;25774435.67
202712;236_020_0050_10B4000001060;989502.0
202712;236_020_0050_10B4000001067;-2115898.0
202712;236_020_0050_10B4000001069;-4098010.0
202712;236_020_0050_10D5000000016;126500.0
202712;236_020_0050_10D5000000264;603416.0
202712;236_020_0050_10D5000000566;376309.0
202712;236_020_0050_10D5000007307;161697.0
202712;236_020_0050_22D5000009482;-230000.0
202712;236_020_0050_2300000000029;-71703.0
202712;236_020_0050_2300000000030;-475916.0
202712;236_020_0055_GP;6823020.28928683
202712;236_020_0060_1000000000505;0.001
202712;236_020_0060_10B4000000009;2615.0
202712;236_020_0060_10B4000000012;750.0
202712;236_020_0060_10B4000000018;890743.67
202712;236_020_0060_10B4000000019;855812.55
202712;236_020_0060_10B4000000020;169500.0
202712;236_020_0060_10B4000000103;602428.87
202712;236_020_0060_10B4000000105;714000.0
202712;236_020_0060_10B4000000107;315000.0
202712;236_020_0060_10B4000000111;890183.56
202712;236_020_0060_10B4000000112;2436317.07
202712;236_020_0060_10B4000000279;8757584.56
202712;236_020_0060_10B4000000281;70000.0
202712;236_020_0060_10B4000001181;1593157.73
202712;236_020_0060_10B4000001189;100000.0
202712;236_020_0060_10B4000001190;130000.0
202712;236_020_0060_10B4000001192;3251691.35
202712;236_020_0060_10B4000001197;1156215.43
202712;236_020_0060_10B4000001200;2500.0
202712;236_020_0060_10B4000001201;2000.0
202712;236_020_0060_10B4000002185;120000.0
202712;236_020_0060_10B4000005178;183047.76
202712;236_020_0060_10B4ASS002930;-165000.0
202712;236_020_0060_2200000000011;-58970.0
202712;236_020_0060_2300000000033;-323569.0
202712;236_020_0065_1000000000303;100000.0
202712;236_020_0065_1000000000427;15000.0
202712;236_020_0065_10B4000000004;6084427.86
202712;236_020_0065_10B4000000005;6427545.9
202712;236_020_0065_10B4000000013;-150000.0
202712;236_020_0065_10B4000000014;-80000.0
202712;236_020_0065_10B4000001067;2115898.0
202712;236_020_0065_10B4000001069;4098010.0
202712;236_020_0065_10B4000001640;-20000.0
202712;236_020_0065_2300000000036;-124623.0
202712;236_020_0065_2300000000084;0.001
202712;236_020_0065_2500000000013;550000.0
202712;236_020_0065_2500000001013;15000.0
202712;236_020_0070_0800000000021;80500.0
202712;236_020_0070_0800000000025;-241872.0
202712;236_020_0070_0800000000030;231533.0
202712;236_020_0070_0800000000432;3311122.0
202712;236_020_0070_0800000000442;-200000.0
202712;236_020_0070_0800000001378;39765.0
202712;236_020_0070_0800000002378;853000.0
202712;236_020_0070_0800000003378;768000.0
202712;236_020_0070_1000000000251;15000.0
202712;236_020_0070_1000000000363;60000.0
202712;236_020_0070_2811000000644;-15000.0
202712;236_040_0110_1000000000011;190384.0
202712;236_040_0110_1000000000012;4742.0
202712;236_040_0110_1000000000053;4820009.0
202712;236_040_0110_1000000000060;226141.0
202712;236_040_0110_1000000000078;44637.0
202712;236_040_0110_1000000000081;142382.0
202712;236_040_0110_1000000000082;415242.0
202712;236_040_0110_1000000000083;838189.0
202712;236_040_0110_1000000000084;884859.0
202712;236_040_0110_1000000000128;1013750.0
202712;236_040_0110_1000000000167;6480502.0
202712;236_040_0110_1000000000188;10753.0
202712;236_040_0110_1000000000200;776520.0
202712;236_040_0110_1000000000220;415997.0
202712;236_040_0110_1000000000221;4687070.0
202712;236_040_0110_1000000000271;224268.0
202712;236_040_0110_1000000000299;11984.0
202712;236_040_0110_1000000000301;4120749.0
202712;236_040_0110_1000000000306;1809494.0
202712;236_040_0110_1000000000332;89967.0
202712;236_040_0110_1000000000409;85000.0
202712;236_040_0110_1000000000410;102707.0
202712;236_040_0110_1000000000434;3395443.0
202712;236_040_0110_1000000000465;5380.0
202712;236_040_0110_1000000000597;652318.0
202712;236_040_0110_2200000000060;-129206.0
202712;236_040_0110_2200000000095;-675947.0
202712;236_040_0110_2200000000100;-25672.0
202712;236_040_0110_2200000000220;-400000.0
202712;236_040_0110_2200000000606;-5123.0
202712;236_040_0110_2200000000615;-314.0
202712;236_040_0110_2200000000616;-35067.0
202712;236_040_0110_2500000000012;143575.0
202712;236_040_0110_2500000000424;185490.0
202712;236_040_0110_2500000000544;314806.0
202712;236_040_0110_2500000000545;2127.0
202712;236_040_0110_2500000001100;4595.0
202712;236_040_0110_2829000000110;-2279318.0
202712;236_040_0110_2894000000081;-90000.0
202712;236_040_0110_28D5000000070;-634586.0
202712;236_040_0110_28D5000000162;-137023.0
202712;236_040_0110_28D5000000568;-66000.0
202712;236_040_0110_28D5000000588;-4200.0
202712;236_040_0110_28F1000000163;-15444.0
202712;236_040_0115_ATM_1000000000130;1894.0
202712;236_040_0115_ATM_1000000000448;252667.3365
202712;236_040_0115_ATM_10C2000000159;1300000.0
202712;236_040_0115_ATM_10D5000007065;29700.0
202712;236_040_0115_ATM_22D1000000010;-27.0
202712;236_040_0115_ATM_2300000005203;-147.0
202712;236_040_0115_ATM_2881000000584;-35000.0
202712;236_040_0115_ATM_28CC000000720;-1200000.0
202712;236_040_0115_ATM_28CC000000724;-1534.0
202712;236_040_0115_CAR_0800000000013;18000.0
202712;236_040_0115_CAR_1000000000073;1.19917009628859e-12
202712;236_040_0115_CAR_1000000000074;2429777.0
202712;236_040_0115_CAR_1000000000096;5319033.0
202712;236_040_0115_CAR_1000000000302;372744.0
202712;236_040_0115_CAR_10C2000000058;4029805.0
202712;236_040_0115_CAR_10C2000000127;5226.0
202712;236_040_0115_CAR_10C2000000128;961415.0
202712;236_040_0115_CAR_10C2000000129;3612.0
202712;236_040_0115_CAR_10C2000000135;174630.0
202712;236_040_0115_CAR_10C2000000354;23775219.0
202712;236_040_0115_CAR_10C2000000357;4990193.0
202712;236_040_0115_CAR_10C2000000358;3136788.0
202712;236_040_0115_CAR_10C2000000360;4471048.0
202712;236_040_0115_CAR_10P1000000031;220643.0
202712;236_040_0115_CAR_10P1000000195;-1.7235933343111899e-12
202712;236_040_0115_CAR_10P2000000010;65000.0
202712;236_040_0115_CAR_2200000000059;-1190558.0
202712;236_040_0115_CAR_2200000000684;-223.0
202712;236_040_0115_CAR_2200000009020;-15357.0
202712;236_040_0115_CAR_22D1000000016;-170612.64708
202712;236_040_0115_CAR_22D1000000904;-389128.22628
202712;236_040_0115_CAR_22D1000000907;-298032.0
202712;236_040_0115_CAR_22D1000002930;0.001
202712;236_040_0115_CAR_22D5000000135;-157400.0
202712;236_040_0115_CAR_23D1000000110;-13475.0
202712;236_040_0115_CAR_2829000000532;-354527.0
202712;236_040_0115_CAR_2844000000001;-2600000.0
202712;236_040_0115_CAR_28CC000000612;-610364.0
202712;236_040_0115_CAR_28CC000000720;-11328332.0
202712;236_040_0115_CAR_28CC000000724;-630910.0
202712;236_040_0115_CAR_28CC000000729;-3.6287130960082097e-12
202712;236_040_0115_CAR_28CC000000730;2990033.0
202712;236_040_0115_CAR_28CC000000733;-2554695.0
202712;236_040_0115_CAR_28CC000003930;0.1
202712;236_040_0115_CAR_28F1000000163;-26400.0
202712;236_040_0115_COM_1000000000015;22000.0
202712;236_040_0115_COM_1000000000057;4000.0
202712;236_040_0115_COM_1000000000089;196255.0
202712;236_040_0115_COM_1000000000090;1600.0
202712;236_040_0115_COM_1000000000229;16000.0
202712;236_040_0115_COM_1000000000296;33934.0
202712;236_040_0115_COM_1000000000331;100000.00247668786
202712;236_040_0115_COM_1000000000428;25000.0
202712;236_040_0115_COM_1000000000451;1395000.0
202712;236_040_0115_COM_1000000006930;0.001
202712;236_040_0115_COM_10C2000000054;1329386.0
202712;236_040_0115_COM_10C2000000056;649000.0
202712;236_040_0115_COM_10C2000000350;273000.0
202712;236_040_0115_COM_10C2000000351;335000.0
202712;236_040_0115_COM_10C2000000353;38563183.0
202712;236_040_0115_COM_10C2000000355;-226548.0
202712;236_040_0115_COM_10C2000000856;215000.0
202712;236_040_0115_COM_2200000000049;-8197.0
202712;236_040_0115_COM_22D1000000316;-26328.92424
202712;236_040_0115_COM_23D1000000704;-19326872.0
202712;236_040_0115_COM_2829000000109;-34726.0
202712;236_040_0115_COM_2829000000110;-192200.0
202712;236_040_0115_COM_2829000000112;-19486.0
202712;236_040_0115_COM_28CC000000614;-697500.0
202712;236_040_0115_COM_28CC000000720;-11118681.0
202712;236_040_0115_COM_28CC000000724;-461393.0
202712;236_040_0115_COM_28F1000000163;-43958.64
202712;236_040_0115_POS_1000000000074;250000.0
202712;236_040_0115_POS_1000000000090;3703141.0
202712;236_040_0115_POS_1000000000253;285162.0
202712;236_040_0115_POS_1000000000470;0.001
202712;236_040_0115_POS_1000000000473;150000.0
202712;236_040_0115_POS_1000000000510;121072.0
202712;236_040_0115_POS_10C2000000061;-6162034.0
202712;236_040_0115_POS_10C2000000070;26619636.000000205
202712;236_040_0115_POS_10C2000000350;991000.0
202712;236_040_0115_POS_10C2000000353;231687978.00002003
202712;236_040_0115_POS_10C2000000355;-100000.0
202712;236_040_0115_POS_10D5000000087;36000.0
202712;236_040_0115_POS_10D5000000105;9000.0
202712;236_040_0115_POS_10D5000000113;1331144.184
202712;236_040_0115_POS_10D5000000118;375451.88
202712;236_040_0115_POS_10P1000000027;0.001
202712;236_040_0115_POS_10P1000000038;6000.0
202712;236_040_0115_POS_10P1000001450;399000.0
202712;236_040_0115_POS_22D1000000216;-114530.8422
202712;236_040_0115_POS_22D1000000657;-621149.9999638166
202712;236_040_0115_POS_22D5000000002;-410000.0
202712;236_040_0115_POS_22D5000000300;-249624.0
202712;236_040_0115_POS_2300000000086;-19469.0
202712;236_040_0115_POS_23D1000000110;-79794.0
202712;236_040_0115_POS_23D1000000114;-153993.0
202712;236_040_0115_POS_23D1000000157;-8003160.0
202712;236_040_0115_POS_23D1000000704;-102916864.99999793
202712;236_040_0115_POS_23D1000000706;-16351738.000073733
202712;236_040_0115_POS_23D5000000324;-214569.714356525
202712;236_040_0115_POS_2829000000589;-185525.0
202712;236_040_0115_POS_2895000000001;-1900000.0
202712;236_040_0115_POS_28B1000001000;-290539.0
202712;236_040_0115_POS_28CC000000605;-26381.0
202712;236_040_0115_POS_28CC000000614;-4973640.0
202712;236_040_0115_POS_28CC000000720;-53821512.0
202712;236_040_0115_POS_28CC000000724;-183661.0
202712;236_040_0115_POS_28CC000000726;-6523314.0
202712;236_040_0115_POS_28CC000000731;-73008.0
202712;236_040_0115_POS_28F1000000163;-92400.0
202712;236_040_0120_0800000000031;-24000.0
202712;236_040_0120_0800000000437;3340674.0
202712;236_040_0120_0800000000440;1019000.0
202712;236_040_0120_1000000000004;1056893.0
202712;236_040_0120_1000000000005;118675.0
202712;236_040_0120_1000000000017;924369.0
202712;236_040_0120_1000000000019;1485153.0
202712;236_040_0120_1000000000046;36000.0
202712;236_040_0120_1000000000330;1580.0
202712;236_040_0120_1000000000360;466521.0
202712;236_040_0120_1000000000361;26709.0
202712;236_040_0120_1000000000364;240000.0
202712;236_040_0120_1000000005100;45722.0
202712;236_040_0120_10D5000000307;116289.6
202712;236_040_0120_2200000000612;-399656.0
202712;236_040_0120_2500000000009;2907.0
202712;236_040_0120_2500000000012;87288.0
202812;236_020_0040_0800000000008;50000.0
202812;236_020_0040_1000000000097;75000.0
202812;236_020_0040_1000000000120;65000.0
202812;236_020_0040_1000000000152;13000.0
202812;236_020_0040_1000000000159;20000.0
202812;236_020_0040_1000000005110;132383.33
202812;236_020_0040_1000000005111;50916.67
202812;236_020_0040_10C1000000709;57097.98
202812;236_020_0040_10C3000000035;6664954.16
202812;236_020_0040_10C3000000044;2335826.55
202812;236_020_0040_10C3000000311;1245774.16
202812;236_020_0040_10C3000000312;1505310.44
202812;236_020_0040_10C3000000413;519072.57
202812;236_020_0040_10C3000009407;1609124.96
202812;236_020_0040_10D5000001392;600000.0
202812;236_020_0040_10P1000000101;87987.75
202812;236_020_0040_1200000000017;331248.0
202812;236_020_0040_2200000000017;-2488741.0
202812;236_020_0040_2200000000217;-513002.0
202812;236_020_0040_2200000001017;-1477239.0
202812;236_020_0040_22D5000005100;-183300.0
202812;236_020_0043_0800000000405;-20000.0
202812;236_020_0043_1000000000010;250000.0
202812;236_020_0043_1000000000061;2000.0
202812;236_020_0043_1000000000119;355000.0
202812;236_020_0043_1000000000120;260000.0
202812;236_020_0043_1000000000159;240000.0
202812;236_020_0043_1000000000240;4771017.0
202812;236_020_0043_1000000000385;2500.0
202812;236_020_0043_1000000000440;0.001
202812;236_020_0043_10C1000000709;220000.0
202812;236_020_0043_10C3000000301;16735.024124000003
202812;236_020_0043_10C3000000307;909938.7792100001
202812;236_020_0043_10C3000000308;543871.45417
202812;236_020_0043_10C3000000311;57524.87
202812;236_020_0043_10C3000000312;94131.6
202812;236_020_0043_10C3000000412;2484028.276505
202812;236_020_0043_10C3000000413;554330.5206
202812;236_020_0043_10D5000001393;1350000.0
202812;236_020_0043_10D5000009456;1600000.0
202812;236_020_0043_1200000000017;404000.0
202812;236_020_0043_22D5000000161;-26000.00004
202812;236_020_0043_2300000000014;-17643.0
202812;236_020_0043_2300000000015;-718524.0
202812;236_020_0043_2300000000032;-64930.0
202812;236_020_0043_2300000000110;-2033200.0
202812;236_020_0043_2300000005214;-151500.0
202812;236_020_0045_1000000000042;1150000.0
202812;236_020_0045_1000000000059;170000.0
202812;236_020_0045_1000000000273;841018.65
202812;236_020_0045_1000000000350;13000.0
202812;236_020_0045_1000000000726;1500.0
202812;236_020_0045_10P1000000193;1000.0
202812;236_020_0045_2200000004608;-6824.0
202812;236_020_0045_2200000009030;-441600.0
202812;236_020_0045_2200000009031;-624780.0
202812;236_020_0045_22D5000000003;-10200.0
202812;236_020_0045_22D5000000004;-9000.0
202812;236_020_0045_22D5000000458;-42999.99996
202812;236_020_0045_22F2000000065;0.001
202812;236_020_0050_10B4000000015;0.001
202812;236_020_0050_10B4000000016;-70000.0
202812;236_020_0050_10B4000000027;35000.0
202812;236_020_0050_10B4000000048;1000000.0
202812;236_020_0050_10B4000001040;135000.0
202812;236_020_0050_10B4000001041;1617348.19
202812;236_020_0050_10B4000001048;816000.0
202812;236_020_0050_10B4000001055;1175000.0
202812;236_020_0050_10B4000001057;21484044.83
202812;236_020_0050_10B4000001059;27889466.97
202812;236_020_0050_10B4000001060;1247696.0
202812;236_020_0050_10B4000001067;-2679771.0
202812;236_020_0050_10B4000001069;-4635941.0
202812;236_020_0050_10D5000000016;154250.0
202812;236_020_0050_10D5000000264;891914.0
202812;236_020_0050_10D5000000566;376309.0
202812;236_020_0050_10D5000007307;255885.0
202812;236_020_0050_22D5000009482;-230000.0
202812;236_020_0050_2300000000029;-71703.0
202812;236_020_0050_2300000000030;-475916.0
202812;236_020_0055_GP;7166640.60263319
202812;236_020_0060_1000000000505;0.001
202812;236_020_0060_10B4000000009;2615.0
202812;236_020_0060_10B4000000012;750.0
202812;236_020_0060_10B4000000018;948112.71
202812;236_020_0060_10B4000000019;910931.82
202812;236_020_0060_10B4000000020;169500.0
202812;236_020_0060_10B4000000103;602428.87
202812;236_020_0060_10B4000000105;693000.0
202812;236_020_0060_10B4000000107;315000.0
202812;236_020_0060_10B4000000111;935782.59
202812;236_020_0060_10B4000000112;2999500.42
202812;236_020_0060_10B4000000279;8873987.09
202812;236_020_0060_10B4000000281;70000.0
202812;236_020_0060_10B4000001181;1429319.2
202812;236_020_0060_10B4000001189;100000.0
202812;236_020_0060_10B4000001190;130000.0
202812;236_020_0060_10B4000001192;3470485.99
202812;236_020_0060_10B4000001197;1215441.76
202812;236_020_0060_10B4000001200;2500.0
202812;236_020_0060_10B4000001201;2000.0
202812;236_020_0060_10B4000002185;110000.0
202812;236_020_0060_10B4000005178;125213.21
202812;236_020_0060_10B4ASS002930;-170000.0
202812;236_020_0060_2200000000011;-58970.0
202812;236_020_0060_2300000000033;-323569.0
202812;236_020_0065_1000000000303;100000.0
202812;236_020_0065_1000000000427;15000.0
202812;236_020_0065_10B4000000004;7230123.7
202812;236_020_0065_10B4000000005;7124159.53
202812;236_020_0065_10B4000000013;-150000.0
202812;236_020_0065_10B4000000014;-80000.0
202812;236_020_0065_10B4000001067;2679771.0
202812;236_020_0065_10B4000001069;4635941.0
202812;236_020_0065_10B4000001640;-20000.0
202812;236_020_0065_2300000000036;-124623.0
202812;236_020_0065_2300000000084;0.001
202812;236_020_0065_2500000000013;450000.0
202812;236_020_0065_2500000001013;15000.0
202812;236_020_0070_0800000000021;82000.0
202812;236_020_0070_0800000000025;-246709.0
202812;236_020_0070_0800000000030;246533.0
202812;236_020_0070_0800000000432;3377345.0
202812;236_020_0070_0800000000442;-200000.0
202812;236_020_0070_0800000001378;40560.0
202812;236_020_0070_0800000002378;870000.0
202812;236_020_0070_0800000003378;783000.0
202812;236_020_0070_1000000000251;15000.0
202812;236_020_0070_1000000000363;60000.0
202812;236_020_0070_2811000000644;-15000.0
202812;236_040_0110_1000000000011;196096.0
202812;236_040_0110_1000000000012;4742.0
202812;236_040_0110_1000000000053;5061009.0
202812;236_040_0110_1000000000060;203527.0
202812;236_040_0110_1000000000078;44637.0
202812;236_040_0110_1000000000081;142382.0
202812;236_040_0110_1000000000082;419395.0
202812;236_040_0110_1000000000083;854953.0
202812;236_040_0110_1000000000084;884859.0
202812;236_040_0110_1000000000128;1092822.0
202812;236_040_0110_1000000000167;6636034.0
202812;236_040_0110_1000000000188;8602.0
202812;236_040_0110_1000000000200;815346.0
202812;236_040_0110_1000000000220;415997.0
202812;236_040_0110_1000000000221;5282328.0
202812;236_040_0110_1000000000271;224268.0
202812;236_040_0110_1000000000299;11984.0
202812;236_040_0110_1000000000301;4196107.0
202812;236_040_0110_1000000000306;1883082.0
202812;236_040_0110_1000000000332;94465.0
202812;236_040_0110_1000000000409;85000.0
202812;236_040_0110_1000000000410;102707.0
202812;236_040_0110_1000000000434;3507250.0
202812;236_040_0110_1000000000465;5380.0
202812;236_040_0110_1000000000597;652318.0
202812;236_040_0110_2200000000060;-117578.0
202812;236_040_0110_2200000000095;-675947.0
202812;236_040_0110_2200000000100;-25672.0
202812;236_040_0110_2200000000220;-405000.0
202812;236_040_0110_2200000000606;-5123.0
202812;236_040_0110_2200000000615;-314.0
202812;236_040_0110_2200000000616;-35067.0
202812;236_040_0110_2500000000012;149318.0
202812;236_040_0110_2500000000424;185490.0
202812;236_040_0110_2500000000544;302213.0
202812;236_040_0110_2500000000545;2127.0
202812;236_040_0110_2500000001100;4595.0
202812;236_040_0110_2829000000110;-2476832.0
202812;236_040_0110_2894000000081;-90000.0
202812;236_040_0110_28D5000000070;-634586.0
202812;236_040_0110_28D5000000162;-137023.0
202812;236_040_0110_28D5000000568;-72000.0
202812;236_040_0110_28D5000000588;-6000.0
202812;236_040_0110_28F1000000163;-17160.0
202812;236_040_0115_ATM_1000000000130;1894.0
202812;236_040_0115_ATM_1000000000448;240033.9697
202812;236_040_0115_ATM_10C2000000159;1320000.0
202812;236_040_0115_ATM_10D5000007065;29700.0
202812;236_040_0115_ATM_22D1000000010;-27.0
202812;236_040_0115_ATM_2300000005203;-147.0
202812;236_040_0115_ATM_2881000000584;-35000.0
202812;236_040_0115_ATM_28CC000000720;-1200000.0
202812;236_040_0115_ATM_28CC000000724;-1534.0
202812;236_040_0115_CAR_0800000000013;18000.0
202812;236_040_0115_CAR_1000000000073;1.19917009628859e-12
202812;236_040_0115_CAR_1000000000074;1326777.0
202812;236_040_0115_CAR_1000000000096;5691366.0
202812;236_040_0115_CAR_1000000000302;346652.0
202812;236_040_0115_CAR_10C2000000058;4352190.0
202812;236_040_0115_CAR_10C2000000127;5226.0
202812;236_040_0115_CAR_10C2000000128;961415.0
202812;236_040_0115_CAR_10C2000000129;3612.0
202812;236_040_0115_CAR_10C2000000135;174630.0
202812;236_040_0115_CAR_10C2000000354;25475054.0
202812;236_040_0115_CAR_10C2000000357;5089997.0
202812;236_040_0115_CAR_10C2000000358;3230892.0
202812;236_040_0115_CAR_10C2000000360;4471048.0
202812;236_040_0115_CAR_10P1000000031;264772.0
202812;236_040_0115_CAR_10P1000000195;-1.7235933343111899e-12
202812;236_040_0115_CAR_10P2000000010;70000.0
202812;236_040_0115_CAR_2200000000059;-1309614.0
202812;236_040_0115_CAR_2200000000684;-223.0
202812;236_040_0115_CAR_2200000009020;-15357.0
202812;236_040_0115_CAR_22D1000000016;-174024.9
202812;236_040_0115_CAR_22D1000000904;-396910.79076
202812;236_040_0115_CAR_22D1000000907;-298032.0
202812;236_040_0115_CAR_22D1000002930;0.001
202812;236_040_0115_CAR_22D5000000135;-157400.0
202812;236_040_0115_CAR_23D1000000110;-13475.0
202812;236_040_0115_CAR_2829000000532;-354527.0
202812;236_040_0115_CAR_2844000000001;-2700000.0
202812;236_040_0115_CAR_28CC000000612;-610364.0
202812;236_040_0115_CAR_28CC000000720;-12243422.0
202812;236_040_0115_CAR_28CC000000724;-676017.0
202812;236_040_0115_CAR_28CC000000729;-3.6287130960082097e-12
202812;236_040_0115_CAR_28CC000000730;2990033.0
202812;236_040_0115_CAR_28CC000000733;-2713392.0
202812;236_040_0115_CAR_28CC000003930;0.1
202812;236_040_0115_CAR_28F1000000163;-26400.0
202812;236_040_0115_COM_1000000000015;22000.0
202812;236_040_0115_COM_1000000000057;4000.0
202812;236_040_0115_COM_1000000000089;196255.0
202812;236_040_0115_COM_1000000000090;1600.0
202812;236_040_0115_COM_1000000000229;16000.0
202812;236_040_0115_COM_1000000000296;33934.0
202812;236_040_0115_COM_1000000000331;110000.00247668786
202812;236_040_0115_COM_1000000000428;28000.0
202812;236_040_0115_COM_1000000000451;1280000.0
202812;236_040_0115_COM_1000000006930;0.001
202812;236_040_0115_COM_10C2000000054;1502207.0
202812;236_040_0115_COM_10C2000000056;662000.0
202812;236_040_0115_COM_10C2000000350;284000.0
202812;236_040_0115_COM_10C2000000351;348000.0
202812;236_040_0115_COM_10C2000000353;39680358.0
202812;236_040_0115_COM_10C2000000355;-220000.0
202812;236_040_0115_COM_10C2000000856;223000.0
202812;236_040_0115_COM_2200000000049;-8197.0
202812;236_040_0115_COM_22D1000000316;-26855.50272
202812;236_040_0115_COM_23D1000000704;-19907799.0
202812;236_040_0115_COM_2829000000109;-34726.0
202812;236_040_0115_COM_2829000000110;-198400.0
202812;236_040_0115_COM_2829000000112;-19486.0
202812;236_040_0115_COM_28CC000000614;-725400.0
202812;236_040_0115_COM_28CC000000720;-11454141.0
202812;236_040_0115_COM_28CC000000724;-475314.0
202812;236_040_0115_COM_28F1000000163;-43958.64
202812;236_040_0115_POS_1000000000074;250000.0
202812;236_040_0115_POS_1000000000090;3801000.0
202812;236_040_0115_POS_1000000000253;285162.0
202812;236_040_0115_POS_1000000000470;0.001
202812;236_040_0115_POS_1000000000473;186000.0
202812;236_040_0115_POS_1000000000510;121072.0
202812;236_040_0115_POS_10C2000000061;-6531756.0
202812;236_040_0115_POS_10C2000000070;26636698.00000026
202812;236_040_0115_POS_10C2000000350;1000000.0
202812;236_040_0115_POS_10C2000000353;248059808.00002044
202812;236_040_0115_POS_10C2000000355;-100000.0
202812;236_040_0115_POS_10D5000000087;36000.0
202812;236_040_0115_POS_10D5000000105;9000.0
202812;236_040_0115_POS_10D5000000113;1270652.112
202812;236_040_0115_POS_10D5000000118;358389.88
202812;236_040_0115_POS_10P1000000027;0.001
202812;236_040_0115_POS_10P1000000038;6000.0
202812;236_040_0115_POS_10P1000001450;399000.0
202812;236_040_0115_POS_22D1000000216;-116821.45908
202812;236_040_0115_POS_22D1000000657;-633572.999963817
202812;236_040_0115_POS_22D5000000002;-410000.0
202812;236_040_0115_POS_22D5000000300;-312036.0
202812;236_040_0115_POS_2300000000086;-19469.0
202812;236_040_0115_POS_23D1000000110;-79794.0
202812;236_040_0115_POS_23D1000000114;-153993.0
202812;236_040_0115_POS_23D1000000157;-8363072.0
202812;236_040_0115_POS_23D1000000704;-110121045.99999857
202812;236_040_0115_POS_23D1000000706;-16351738.000073733
202812;236_040_0115_POS_23D5000000324;-323827.855990367
202812;236_040_0115_POS_2829000000589;-185525.0
202812;236_040_0115_POS_2895000000001;-2000000.0
202812;236_040_0115_POS_28B1000001000;-290539.0
202812;236_040_0115_POS_28CC000000605;-26381.0
202812;236_040_0115_POS_28CC000000614;-5670210.0
202812;236_040_0115_POS_28CC000000720;-59316688.0
202812;236_040_0115_POS_28CC000000724;-196517.0
202812;236_040_0115_POS_28CC000000726;-6523314.0
202812;236_040_0115_POS_28CC000000731;-80000.0
202812;236_040_0115_POS_28F1000000163;-92400.0
202812;236_040_0120_0800000000031;-24000.0
202812;236_040_0120_0800000000437;3340674.0
202812;236_040_0120_0800000000440;1009000.0
202812;236_040_0120_1000000000004;1067462.0
202812;236_040_0120_1000000000005;137000.0
202812;236_040_0120_1000000000017;1016806.0
202812;236_040_0120_1000000000019;1529708.0
202812;236_040_0120_1000000000046;36000.0
202812;236_040_0120_1000000000330;1580.0
202812;236_040_0120_1000000000360;471186.0
202812;236_040_0120_1000000000361;29380.0
202812;236_040_0120_1000000000364;273600.0
202812;236_040_0120_1000000005100;46271.0
202812;236_040_0120_10D5000000307;161249.09
202812;236_040_0120_2200000000612;-399656.0
202812;236_040_0120_2500000000009;2907.0
202812;236_040_0120_2500000000012;91652.0
