DRV_COD;MONTH;VALUE
SPREAD ITA GER;202001;1.547
Tasso BCE;202001;0.0
Tasso FED;202001;0.25
Euribor 3M;202001;-0.405666667
€STR;202001;-0.5366
Germania 10Y;202001;-0.407666667
10Y ITA;202001;1.248666667
SPREAD ITA GER;202001;1.656333333
IRS 10Y;202001;-0.0183
10Y USA;202001;1.3843
PIL - USA (livello);202001;18952.0
PIL - USA (% a/a);202001;0.630800926
PIL - USA (% t/t);202001;-1.303489686
Inflazione - USA (% a/a);202001;2.102308394
PIL - Area Euro (livello);202001;2591338.0
PIL - Area Euro (% a/a);202001;-3.097060484
PIL - Area Euro (% t/t);202001;-3.513217188
Inflazione - Area Euro (% a/a);202001;1.110681862
PIL - Giappone (% a/a);202001;-2.049966435
Inflazione - Giappone (% a/a);202001;0.5
PIL - Cina (% a/a);202001;-6.756115895
Inflazione - Cina (% a/a);202001;4.9
PIL - India (% a/a);202001;3.301787549
Inflazione - India (% a/a);202001;6.67
PIL - Italia (livello);202001;404516.5
PIL - Italia (% a/a);202001;-6.405771925
PIL - Italia (% t/t);202001;-5.921538275
Consumi privati - Italia (livello);202001;242585.1
Consumi privati - Italia (% a/a);202001;-7.092964828
Consumi privati - Italia (% t/t);202001;-7.160095525
Investimenti in macchinari - Italia (livello);202001;25324.7
Investimenti in macchinari - Italia (% a/a);202001;-14.09677583
Investimenti in macchinari - Italia (% t/t);202001;-13.33449687
Tasso di disoccupazione - Italia;202001;9.01
Inflazione - Italia (% a/a);202001;0.195886386
Prezzi immobili (% a/a);202001;1.561904762
Brent;202001;50.82
EURUSD;202001;1.1029
S&P;202001;2584.59
Eurostoxx 50;202001;2786.9
Ftse Mib;202001;17050.94
SPREAD ITA GER;202002;1.391
Tasso BCE;202002;0.0
Tasso FED;202002;0.25
Euribor 3M;202002;-0.405666667
€STR;202002;-0.5366
Germania 10Y;202002;-0.407666667
10Y ITA;202002;1.248666667
SPREAD ITA GER;202002;1.656333333
IRS 10Y;202002;-0.0183
10Y USA;202002;1.3843
PIL - USA (livello);202002;18952.0
PIL - USA (% a/a);202002;0.630800926
PIL - USA (% t/t);202002;-1.303489686
Inflazione - USA (% a/a);202002;2.102308394
PIL - Area Euro (livello);202002;2591338.0
PIL - Area Euro (% a/a);202002;-3.097060484
PIL - Area Euro (% t/t);202002;-3.513217188
Inflazione - Area Euro (% a/a);202002;1.110681862
PIL - Giappone (% a/a);202002;-2.049966435
Inflazione - Giappone (% a/a);202002;0.5
PIL - Cina (% a/a);202002;-6.756115895
Inflazione - Cina (% a/a);202002;4.9
PIL - India (% a/a);202002;3.301787549
Inflazione - India (% a/a);202002;6.67
PIL - Italia (livello);202002;404516.5
PIL - Italia (% a/a);202002;-6.405771925
PIL - Italia (% t/t);202002;-5.921538275
Consumi privati - Italia (livello);202002;242585.1
Consumi privati - Italia (% a/a);202002;-7.092964828
Consumi privati - Italia (% t/t);202002;-7.160095525
Investimenti in macchinari - Italia (livello);202002;25324.7
Investimenti in macchinari - Italia (% a/a);202002;-14.09677583
Investimenti in macchinari - Italia (% t/t);202002;-13.33449687
Tasso di disoccupazione - Italia;202002;9.01
Inflazione - Italia (% a/a);202002;0.195886386
Prezzi immobili (% a/a);202002;1.561904762
Brent;202002;50.82
EURUSD;202002;1.1029
S&P;202002;2584.59
Eurostoxx 50;202002;2786.9
Ftse Mib;202002;17050.94
SPREAD ITA GER;202003;2.031
Tasso BCE;202003;0.0
Tasso FED;202003;0.25
Euribor 3M;202003;-0.405666667
€STR;202003;-0.5366
Germania 10Y;202003;-0.407666667
10Y ITA;202003;1.248666667
SPREAD ITA GER;202003;1.656333333
IRS 10Y;202003;-0.0183
10Y USA;202003;1.3843
PIL - USA (livello);202003;18952.0
PIL - USA (% a/a);202003;0.630800926
PIL - USA (% t/t);202003;-1.303489686
Inflazione - USA (% a/a);202003;2.102308394
PIL - Area Euro (livello);202003;2591338.0
PIL - Area Euro (% a/a);202003;-3.097060484
PIL - Area Euro (% t/t);202003;-3.513217188
Inflazione - Area Euro (% a/a);202003;1.110681862
PIL - Giappone (% a/a);202003;-2.049966435
Inflazione - Giappone (% a/a);202003;0.5
PIL - Cina (% a/a);202003;-6.756115895
Inflazione - Cina (% a/a);202003;4.9
PIL - India (% a/a);202003;3.301787549
Inflazione - India (% a/a);202003;6.67
PIL - Italia (livello);202003;404516.5
PIL - Italia (% a/a);202003;-6.405771925
PIL - Italia (% t/t);202003;-5.921538275
Consumi privati - Italia (livello);202003;242585.1
Consumi privati - Italia (% a/a);202003;-7.092964828
Consumi privati - Italia (% t/t);202003;-7.160095525
Investimenti in macchinari - Italia (livello);202003;25324.7
Investimenti in macchinari - Italia (% a/a);202003;-14.09677583
Investimenti in macchinari - Italia (% t/t);202003;-13.33449687
Tasso di disoccupazione - Italia;202003;9.01
Inflazione - Italia (% a/a);202003;0.195886386
Prezzi immobili (% a/a);202003;1.561904762
Brent;202003;50.82
EURUSD;202003;1.1029
S&P;202003;2584.59
Eurostoxx 50;202003;2786.9
Ftse Mib;202003;17050.94
SPREAD ITA GER;202004;2.172
Tasso BCE;202004;0.0
Tasso FED;202004;0.25
Euribor 3M;202004;-0.300666667
€STR;202004;-0.541366667
Germania 10Y;202004;-0.446
10Y ITA;202004;1.616666667
SPREAD ITA GER;202004;2.062666667
IRS 10Y;202004;-0.095666667
10Y USA;202004;0.6813
PIL - USA (livello);202004;17258.2
PIL - USA (% a/a);202004;-9.083629659
PIL - USA (% t/t);202004;-8.937315323
Inflazione - USA (% a/a);202004;0.444604615
PIL - Area Euro (livello);202004;2287774.9
PIL - Area Euro (% a/a);202004;-14.64574948
PIL - Area Euro (% t/t);202004;-11.71453126
Inflazione - Area Euro (% a/a);202004;0.218527316
PIL - Giappone (% a/a);202004;-10.2422755
Inflazione - Giappone (% a/a);202004;0.1
PIL - Cina (% a/a);202004;2.816800143
Inflazione - Cina (% a/a);202004;2.7
PIL - India (% a/a);202004;-23.47288876
Inflazione - India (% a/a);202004;6.57
PIL - Italia (livello);202004;353305.7
PIL - Italia (% a/a);202004;-18.47910256
PIL - Italia (% t/t);202004;-12.65975554
Consumi privati - Italia (livello);202004;214710.8
Consumi privati - Italia (% a/a);202004;-17.97210657
Consumi privati - Italia (% t/t);202004;-11.49052436
Investimenti in macchinari - Italia (livello);202004;21012.6
Investimenti in macchinari - Italia (% a/a);202004;-30.12895117
Investimenti in macchinari - Italia (% t/t);202004;-17.02725008
Tasso di disoccupazione - Italia;202004;8.59
Inflazione - Italia (% a/a);202004;-0.192122959
Prezzi immobili (% a/a);202004;0.076219512
Brent;202004;33.39
EURUSD;202004;1.1013
S&P;202004;3100.29
Eurostoxx 50;202004;3234.07
Ftse Mib;202004;19375.52
SPREAD ITA GER;202005;2.218
Tasso BCE;202005;0.0
Tasso FED;202005;0.25
Euribor 3M;202005;-0.300666667
€STR;202005;-0.541366667
Germania 10Y;202005;-0.446
10Y ITA;202005;1.616666667
SPREAD ITA GER;202005;2.062666667
IRS 10Y;202005;-0.095666667
10Y USA;202005;0.6813
PIL - USA (livello);202005;17258.2
PIL - USA (% a/a);202005;-9.083629659
PIL - USA (% t/t);202005;-8.937315323
Inflazione - USA (% a/a);202005;0.444604615
PIL - Area Euro (livello);202005;2287774.9
PIL - Area Euro (% a/a);202005;-14.64574948
PIL - Area Euro (% t/t);202005;-11.71453126
Inflazione - Area Euro (% a/a);202005;0.218527316
PIL - Giappone (% a/a);202005;-10.2422755
Inflazione - Giappone (% a/a);202005;0.1
PIL - Cina (% a/a);202005;2.816800143
Inflazione - Cina (% a/a);202005;2.7
PIL - India (% a/a);202005;-23.47288876
Inflazione - India (% a/a);202005;6.57
PIL - Italia (livello);202005;353305.7
PIL - Italia (% a/a);202005;-18.47910256
PIL - Italia (% t/t);202005;-12.65975554
Consumi privati - Italia (livello);202005;214710.8
Consumi privati - Italia (% a/a);202005;-17.97210657
Consumi privati - Italia (% t/t);202005;-11.49052436
Investimenti in macchinari - Italia (livello);202005;21012.6
Investimenti in macchinari - Italia (% a/a);202005;-30.12895117
Investimenti in macchinari - Italia (% t/t);202005;-17.02725008
Tasso di disoccupazione - Italia;202005;8.59
Inflazione - Italia (% a/a);202005;-0.192122959
Prezzi immobili (% a/a);202005;0.076219512
Brent;202005;33.39
EURUSD;202005;1.1013
S&P;202005;3100.29
Eurostoxx 50;202005;3234.07
Ftse Mib;202005;19375.52
SPREAD ITA GER;202006;1.798
Tasso BCE;202006;0.0
Tasso FED;202006;0.25
Euribor 3M;202006;-0.300666667
€STR;202006;-0.541366667
Germania 10Y;202006;-0.446
10Y ITA;202006;1.616666667
SPREAD ITA GER;202006;2.062666667
IRS 10Y;202006;-0.095666667
10Y USA;202006;0.6813
PIL - USA (livello);202006;17258.2
PIL - USA (% a/a);202006;-9.083629659
PIL - USA (% t/t);202006;-8.937315323
Inflazione - USA (% a/a);202006;0.444604615
PIL - Area Euro (livello);202006;2287774.9
PIL - Area Euro (% a/a);202006;-14.64574948
PIL - Area Euro (% t/t);202006;-11.71453126
Inflazione - Area Euro (% a/a);202006;0.218527316
PIL - Giappone (% a/a);202006;-10.2422755
Inflazione - Giappone (% a/a);202006;0.1
PIL - Cina (% a/a);202006;2.816800143
Inflazione - Cina (% a/a);202006;2.7
PIL - India (% a/a);202006;-23.47288876
Inflazione - India (% a/a);202006;6.57
PIL - Italia (livello);202006;353305.7
PIL - Italia (% a/a);202006;-18.47910256
PIL - Italia (% t/t);202006;-12.65975554
Consumi privati - Italia (livello);202006;214710.8
Consumi privati - Italia (% a/a);202006;-17.97210657
Consumi privati - Italia (% t/t);202006;-11.49052436
Investimenti in macchinari - Italia (livello);202006;21012.6
Investimenti in macchinari - Italia (% a/a);202006;-30.12895117
Investimenti in macchinari - Italia (% t/t);202006;-17.02725008
Tasso di disoccupazione - Italia;202006;8.59
Inflazione - Italia (% a/a);202006;-0.192122959
Prezzi immobili (% a/a);202006;0.076219512
Brent;202006;33.39
EURUSD;202006;1.1013
S&P;202006;3100.29
Eurostoxx 50;202006;3234.07
Ftse Mib;202006;19375.52
SPREAD ITA GER;202007;1.593
Tasso BCE;202007;0.0
Tasso FED;202007;0.25
Euribor 3M;202007;-0.471666667
€STR;202007;-0.5522
Germania 10Y;202007;-0.474666667
10Y ITA;202007;1.017333333
SPREAD ITA GER;202007;1.492
IRS 10Y;202007;-0.200633333
10Y USA;202007;0.6453
PIL - USA (livello);202007;18560.8
PIL - USA (% a/a);202007;-2.887608763
PIL - USA (% t/t);202007;7.547716448
Inflazione - USA (% a/a);202007;1.253975998
PIL - Area Euro (livello);202007;2580818.4
PIL - Area Euro (% a/a);202007;-3.982124016
PIL - Area Euro (% t/t);202007;12.80910548
Inflazione - Area Euro (% a/a);202007;-0.038062613
PIL - Giappone (% a/a);202007;-5.323526678
Inflazione - Giappone (% a/a);202007;0.2
PIL - Cina (% a/a);202007;4.74334768
Inflazione - Cina (% a/a);202007;2.3
PIL - India (% a/a);202007;-7.456821687
Inflazione - India (% a/a);202007;6.9
PIL - Italia (livello);202007;410253.3
PIL - Italia (% a/a);202007;-5.357124319
PIL - Italia (% t/t);202007;16.11850587
Consumi privati - Italia (livello);202007;242305.3
Consumi privati - Italia (% a/a);202007;-7.52133203
Consumi privati - Italia (% t/t);202007;12.85193851
Investimenti in macchinari - Italia (livello);202007;27045.3
Investimenti in macchinari - Italia (% a/a);202007;-9.511477812
Investimenti in macchinari - Italia (% t/t);202007;28.70991691
Tasso di disoccupazione - Italia;202007;10.03
Inflazione - Italia (% a/a);202007;-0.291828794
Prezzi immobili (% a/a);202007;0.342465753
Brent;202007;43.34
EURUSD;202007;1.1691
S&P;202007;3363.0
Eurostoxx 50;202007;3193.61
Ftse Mib;202007;19015.27
SPREAD ITA GER;202008;1.439
Tasso BCE;202008;0.0
Tasso FED;202008;0.25
Euribor 3M;202008;-0.471666667
€STR;202008;-0.5522
Germania 10Y;202008;-0.474666667
10Y ITA;202008;1.017333333
SPREAD ITA GER;202008;1.492
IRS 10Y;202008;-0.200633333
10Y USA;202008;0.6453
PIL - USA (livello);202008;18560.8
PIL - USA (% a/a);202008;-2.887608763
PIL - USA (% t/t);202008;7.547716448
Inflazione - USA (% a/a);202008;1.253975998
PIL - Area Euro (livello);202008;2580818.4
PIL - Area Euro (% a/a);202008;-3.982124016
PIL - Area Euro (% t/t);202008;12.80910548
Inflazione - Area Euro (% a/a);202008;-0.038062613
PIL - Giappone (% a/a);202008;-5.323526678
Inflazione - Giappone (% a/a);202008;0.2
PIL - Cina (% a/a);202008;4.74334768
Inflazione - Cina (% a/a);202008;2.3
PIL - India (% a/a);202008;-7.456821687
Inflazione - India (% a/a);202008;6.9
PIL - Italia (livello);202008;410253.3
PIL - Italia (% a/a);202008;-5.357124319
PIL - Italia (% t/t);202008;16.11850587
Consumi privati - Italia (livello);202008;242305.3
Consumi privati - Italia (% a/a);202008;-7.52133203
Consumi privati - Italia (% t/t);202008;12.85193851
Investimenti in macchinari - Italia (livello);202008;27045.3
Investimenti in macchinari - Italia (% a/a);202008;-9.511477812
Investimenti in macchinari - Italia (% t/t);202008;28.70991691
Tasso di disoccupazione - Italia;202008;10.03
Inflazione - Italia (% a/a);202008;-0.291828794
Prezzi immobili (% a/a);202008;0.342465753
Brent;202008;43.34
EURUSD;202008;1.1691
S&P;202008;3363.0
Eurostoxx 50;202008;3193.61
Ftse Mib;202008;19015.27
SPREAD ITA GER;202009;1.444
Tasso BCE;202009;0.0
Tasso FED;202009;0.25
Euribor 3M;202009;-0.471666667
€STR;202009;-0.5522
Germania 10Y;202009;-0.474666667
10Y ITA;202009;1.017333333
SPREAD ITA GER;202009;1.492
IRS 10Y;202009;-0.200633333
10Y USA;202009;0.6453
PIL - USA (livello);202009;18560.8
PIL - USA (% a/a);202009;-2.887608763
PIL - USA (% t/t);202009;7.547716448
Inflazione - USA (% a/a);202009;1.253975998
PIL - Area Euro (livello);202009;2580818.4
PIL - Area Euro (% a/a);202009;-3.982124016
PIL - Area Euro (% t/t);202009;12.80910548
Inflazione - Area Euro (% a/a);202009;-0.038062613
PIL - Giappone (% a/a);202009;-5.323526678
Inflazione - Giappone (% a/a);202009;0.2
PIL - Cina (% a/a);202009;4.74334768
Inflazione - Cina (% a/a);202009;2.3
PIL - India (% a/a);202009;-7.456821687
Inflazione - India (% a/a);202009;6.9
PIL - Italia (livello);202009;410253.3
PIL - Italia (% a/a);202009;-5.357124319
PIL - Italia (% t/t);202009;16.11850587
Consumi privati - Italia (livello);202009;242305.3
Consumi privati - Italia (% a/a);202009;-7.52133203
Consumi privati - Italia (% t/t);202009;12.85193851
Investimenti in macchinari - Italia (livello);202009;27045.3
Investimenti in macchinari - Italia (% a/a);202009;-9.511477812
Investimenti in macchinari - Italia (% t/t);202009;28.70991691
Tasso di disoccupazione - Italia;202009;10.03
Inflazione - Italia (% a/a);202009;-0.291828794
Prezzi immobili (% a/a);202009;0.342465753
Brent;202009;43.34
EURUSD;202009;1.1691
S&P;202009;3363.0
Eurostoxx 50;202009;3193.61
Ftse Mib;202009;19015.27
SPREAD ITA GER;202010;1.311
Tasso BCE;202010;0.0
Tasso FED;202010;0.25
Euribor 3M;202010;-0.522666667
€STR;202010;-0.556066667
Germania 10Y;202010;-0.574333333
10Y ITA;202010;0.657666667
SPREAD ITA GER;202010;1.232
IRS 10Y;202010;-0.250566667
10Y USA;202010;0.8559
PIL - USA (livello);202010;18767.8
PIL - USA (% a/a);202010;-2.262749775
PIL - USA (% t/t);202010;1.115253653
Inflazione - USA (% a/a);202010;1.230291272
PIL - Area Euro (livello);202010;2570187.4
PIL - Area Euro (% a/a);202010;-4.300746005
PIL - Area Euro (% t/t);202010;-0.411923598
Inflazione - Area Euro (% a/a);202010;-0.27535131
PIL - Giappone (% a/a);202010;-0.851552425
Inflazione - Giappone (% a/a);202010;-0.8
PIL - Cina (% a/a);202010;5.985363661
Inflazione - Cina (% a/a);202010;0.1
PIL - India (% a/a);202010;0.74
Inflazione - India (% a/a);202010;6.38
PIL - Italia (livello);202010;403798.8
PIL - Italia (% a/a);202010;-6.088453869
PIL - Italia (% t/t);202010;-1.573296303
Consumi privati - Italia (livello);202010;235780.4
Consumi privati - Italia (% a/a);202010;-9.764326774
Consumi privati - Italia (% t/t);202010;-2.692842459
Investimenti in macchinari - Italia (livello);202010;27497.3
Investimenti in macchinari - Italia (% a/a);202010;-5.899483936
Investimenti in macchinari - Italia (% t/t);202010;1.671270054
Tasso di disoccupazione - Italia;202010;9.78
Inflazione - Italia (% a/a);202010;-0.385356455
Prezzi immobili (% a/a);202010;-0.718608169
Brent;202010;45.26
EURUSD;202010;1.193
S&P;202010;3756.07
Eurostoxx 50;202010;3552.64
Ftse Mib;202010;22232.9
SPREAD ITA GER;202011;1.237
Tasso BCE;202011;0.0
Tasso FED;202011;0.25
Euribor 3M;202011;-0.522666667
€STR;202011;-0.556066667
Germania 10Y;202011;-0.574333333
10Y ITA;202011;0.657666667
SPREAD ITA GER;202011;1.232
IRS 10Y;202011;-0.250566667
10Y USA;202011;0.8559
PIL - USA (livello);202011;18767.8
PIL - USA (% a/a);202011;-2.262749775
PIL - USA (% t/t);202011;1.115253653
Inflazione - USA (% a/a);202011;1.230291272
PIL - Area Euro (livello);202011;2570187.4
PIL - Area Euro (% a/a);202011;-4.300746005
PIL - Area Euro (% t/t);202011;-0.411923598
Inflazione - Area Euro (% a/a);202011;-0.27535131
PIL - Giappone (% a/a);202011;-0.851552425
Inflazione - Giappone (% a/a);202011;-0.8
PIL - Cina (% a/a);202011;5.985363661
Inflazione - Cina (% a/a);202011;0.1
PIL - India (% a/a);202011;0.74
Inflazione - India (% a/a);202011;6.38
PIL - Italia (livello);202011;403798.8
PIL - Italia (% a/a);202011;-6.088453869
PIL - Italia (% t/t);202011;-1.573296303
Consumi privati - Italia (livello);202011;235780.4
Consumi privati - Italia (% a/a);202011;-9.764326774
Consumi privati - Italia (% t/t);202011;-2.692842459
Investimenti in macchinari - Italia (livello);202011;27497.3
Investimenti in macchinari - Italia (% a/a);202011;-5.899483936
Investimenti in macchinari - Italia (% t/t);202011;1.671270054
Tasso di disoccupazione - Italia;202011;9.78
Inflazione - Italia (% a/a);202011;-0.385356455
Prezzi immobili (% a/a);202011;-0.718608169
Brent;202011;45.26
EURUSD;202011;1.193
S&P;202011;3756.07
Eurostoxx 50;202011;3552.64
Ftse Mib;202011;22232.9
SPREAD ITA GER;202012;1.148
Tasso BCE;202012;0.0
Tasso FED;202012;0.25
Euribor 3M;202012;-0.522666667
€STR;202012;-0.556066667
Germania 10Y;202012;-0.574333333
10Y ITA;202012;0.657666667
SPREAD ITA GER;202012;1.232
IRS 10Y;202012;-0.250566667
10Y USA;202012;0.8559
PIL - USA (livello);202012;18767.8
PIL - USA (% a/a);202012;-2.262749775
PIL - USA (% t/t);202012;1.115253653
Inflazione - USA (% a/a);202012;1.230291272
PIL - Area Euro (livello);202012;2570187.4
PIL - Area Euro (% a/a);202012;-4.300746005
PIL - Area Euro (% t/t);202012;-0.411923598
Inflazione - Area Euro (% a/a);202012;-0.27535131
PIL - Giappone (% a/a);202012;-0.851552425
Inflazione - Giappone (% a/a);202012;-0.8
PIL - Cina (% a/a);202012;5.985363661
Inflazione - Cina (% a/a);202012;0.1
PIL - India (% a/a);202012;0.74
Inflazione - India (% a/a);202012;6.38
PIL - Italia (livello);202012;403798.8
PIL - Italia (% a/a);202012;-6.088453869
PIL - Italia (% t/t);202012;-1.573296303
Consumi privati - Italia (livello);202012;235780.4
Consumi privati - Italia (% a/a);202012;-9.764326774
Consumi privati - Italia (% t/t);202012;-2.692842459
Investimenti in macchinari - Italia (livello);202012;27497.3
Investimenti in macchinari - Italia (% a/a);202012;-5.899483936
Investimenti in macchinari - Italia (% t/t);202012;1.671270054
Tasso di disoccupazione - Italia;202012;9.78
Inflazione - Italia (% a/a);202012;-0.385356455
Prezzi immobili (% a/a);202012;-0.718608169
Brent;202012;45.26
EURUSD;202012;1.193
S&P;202012;3756.07
Eurostoxx 50;202012;3552.64
Ftse Mib;202012;22232.9
SPREAD ITA GER;202101;1.147
Tasso BCE;202101;0.0
Tasso FED;202101;0.25
Euribor 3M;202101;-0.542333333
€STR;202101;-0.563833333
Germania 10Y;202101;-0.413333333
10Y ITA;202101;0.622
SPREAD ITA GER;202101;1.035333333
IRS 10Y;202101;-0.087666667
10Y USA;202101;1.3122
PIL - USA (livello);202101;19055.7
PIL - USA (% a/a);202101;0.547171802
PIL - USA (% t/t);202101;1.534010379
Inflazione - USA (% a/a);202101;1.897393066
PIL - Area Euro (livello);202101;2567700.5
PIL - Area Euro (% a/a);202101;-0.912173557
PIL - Area Euro (% t/t);202101;-0.096759481
Inflazione - Area Euro (% a/a);202101;1.060273188
PIL - Giappone (% a/a);202101;-1.74151109
Inflazione - Giappone (% a/a);202101;-0.5
PIL - Cina (% a/a);202101;18.8642986
Inflazione - Cina (% a/a);202101;0.0
PIL - India (% a/a);202101;2.53
Inflazione - India (% a/a);202101;4.87
PIL - Italia (livello);202101;404609.6
PIL - Italia (% a/a);202101;0.02301513
PIL - Italia (% t/t);202101;0.200793068
Consumi privati - Italia (livello);202101;233679.7
Consumi privati - Italia (% a/a);202101;-3.671041626
Consumi privati - Italia (% t/t);202101;-0.890956161
Investimenti in macchinari - Italia (livello);202101;28673.8
Investimenti in macchinari - Italia (% a/a);202101;13.2246384
Investimenti in macchinari - Italia (% t/t);202101;4.278601899
Tasso di disoccupazione - Italia;202101;10.16
Inflazione - Italia (% a/a);202101;0.782013685
Prezzi immobili (% a/a);202101;-1.537884471
Brent;202101;61.32
EURUSD;202101;1.2051
S&P;202101;3972.89
Eurostoxx 50;202101;3919.21
Ftse Mib;202101;24648.56
SPREAD ITA GER;202102;0.981
Tasso BCE;202102;0.0
Tasso FED;202102;0.25
Euribor 3M;202102;-0.542333333
€STR;202102;-0.563833333
Germania 10Y;202102;-0.413333333
10Y ITA;202102;0.622
SPREAD ITA GER;202102;1.035333333
IRS 10Y;202102;-0.087666667
10Y USA;202102;1.3122
PIL - USA (livello);202102;19055.7
PIL - USA (% a/a);202102;0.547171802
PIL - USA (% t/t);202102;1.534010379
Inflazione - USA (% a/a);202102;1.897393066
PIL - Area Euro (livello);202102;2567700.5
PIL - Area Euro (% a/a);202102;-0.912173557
PIL - Area Euro (% t/t);202102;-0.096759481
Inflazione - Area Euro (% a/a);202102;1.060273188
PIL - Giappone (% a/a);202102;-1.74151109
Inflazione - Giappone (% a/a);202102;-0.5
PIL - Cina (% a/a);202102;18.8642986
Inflazione - Cina (% a/a);202102;0.0
PIL - India (% a/a);202102;2.53
Inflazione - India (% a/a);202102;4.87
PIL - Italia (livello);202102;404609.6
PIL - Italia (% a/a);202102;0.02301513
PIL - Italia (% t/t);202102;0.200793068
Consumi privati - Italia (livello);202102;233679.7
Consumi privati - Italia (% a/a);202102;-3.671041626
Consumi privati - Italia (% t/t);202102;-0.890956161
Investimenti in macchinari - Italia (livello);202102;28673.8
Investimenti in macchinari - Italia (% a/a);202102;13.2246384
Investimenti in macchinari - Italia (% t/t);202102;4.278601899
Tasso di disoccupazione - Italia;202102;10.16
Inflazione - Italia (% a/a);202102;0.782013685
Prezzi immobili (% a/a);202102;-1.537884471
Brent;202102;61.32
EURUSD;202102;1.2051
S&P;202102;3972.89
Eurostoxx 50;202102;3919.21
Ftse Mib;202102;24648.56
SPREAD ITA GER;202103;0.978
Tasso BCE;202103;0.0
Tasso FED;202103;0.25
Euribor 3M;202103;-0.542333333
€STR;202103;-0.563833333
Germania 10Y;202103;-0.413333333
10Y ITA;202103;0.622
SPREAD ITA GER;202103;1.035333333
IRS 10Y;202103;-0.087666667
10Y USA;202103;1.3122
PIL - USA (livello);202103;19055.7
PIL - USA (% a/a);202103;0.547171802
PIL - USA (% t/t);202103;1.534010379
Inflazione - USA (% a/a);202103;1.897393066
PIL - Area Euro (livello);202103;2567700.5
PIL - Area Euro (% a/a);202103;-0.912173557
PIL - Area Euro (% t/t);202103;-0.096759481
Inflazione - Area Euro (% a/a);202103;1.060273188
PIL - Giappone (% a/a);202103;-1.74151109
Inflazione - Giappone (% a/a);202103;-0.5
PIL - Cina (% a/a);202103;18.8642986
Inflazione - Cina (% a/a);202103;0.0
PIL - India (% a/a);202103;2.53
Inflazione - India (% a/a);202103;4.87
PIL - Italia (livello);202103;404609.6
PIL - Italia (% a/a);202103;0.02301513
PIL - Italia (% t/t);202103;0.200793068
Consumi privati - Italia (livello);202103;233679.7
Consumi privati - Italia (% a/a);202103;-3.671041626
Consumi privati - Italia (% t/t);202103;-0.890956161
Investimenti in macchinari - Italia (livello);202103;28673.8
Investimenti in macchinari - Italia (% a/a);202103;13.2246384
Investimenti in macchinari - Italia (% t/t);202103;4.278601899
Tasso di disoccupazione - Italia;202103;10.16
Inflazione - Italia (% a/a);202103;0.782013685
Prezzi immobili (% a/a);202103;-1.537884471
Brent;202103;61.32
EURUSD;202103;1.2051
S&P;202103;3972.89
Eurostoxx 50;202103;3919.21
Ftse Mib;202103;24648.56
SPREAD ITA GER;202104;1.029
Tasso BCE;202104;0.0
Tasso FED;202104;0.25
Euribor 3M;202104;-0.540333333
€STR;202104;-0.565033333
Germania 10Y;202104;-0.216666667
10Y ITA;202104;0.862666667
SPREAD ITA GER;202104;1.079333333
IRS 10Y;202104;0.106133333
10Y USA;202104;1.58
PIL - USA (livello);202104;19368.3
PIL - USA (% a/a);202104;12.22665168
PIL - USA (% t/t);202104;1.640454037
Inflazione - USA (% a/a);202104;4.81323464
PIL - Area Euro (livello);202104;2620655.6
PIL - Area Euro (% a/a);202104;14.55041315
PIL - Area Euro (% t/t);202104;2.062355014
Inflazione - Area Euro (% a/a);202104;1.839211225
PIL - Giappone (% a/a);202104;7.292940503
Inflazione - Giappone (% a/a);202104;-0.8
PIL - Cina (% a/a);202104;8.010083328
Inflazione - Cina (% a/a);202104;1.1
PIL - India (% a/a);202104;20.1
Inflazione - India (% a/a);202104;5.59
PIL - Italia (livello);202104;415260.7
PIL - Italia (% a/a);202104;17.53580539
PIL - Italia (% t/t);202104;2.632438776
Consumi privati - Italia (livello);202104;245371.1
Consumi privati - Italia (% a/a);202104;14.27981266
Consumi privati - Italia (% t/t);202104;5.003173147
Investimenti in macchinari - Italia (livello);202104;29513.5
Investimenti in macchinari - Italia (% a/a);202104;40.45620247
Investimenti in macchinari - Italia (% t/t);202104;2.928457337
Tasso di disoccupazione - Italia;202104;9.82
Inflazione - Italia (% a/a);202104;1.154956689
Prezzi immobili (% a/a);202104;0.533130236
Brent;202104;69.08
EURUSD;202104;1.2052
S&P;202104;4297.5
Eurostoxx 50;202104;4064.3
Ftse Mib;202104;25102.04
SPREAD ITA GER;202105;1.15
Tasso BCE;202105;0.0
Tasso FED;202105;0.25
Euribor 3M;202105;-0.540333333
€STR;202105;-0.565033333
Germania 10Y;202105;-0.216666667
10Y ITA;202105;0.862666667
SPREAD ITA GER;202105;1.079333333
IRS 10Y;202105;0.106133333
10Y USA;202105;1.58
PIL - USA (livello);202105;19368.3
PIL - USA (% a/a);202105;12.22665168
PIL - USA (% t/t);202105;1.640454037
Inflazione - USA (% a/a);202105;4.81323464
PIL - Area Euro (livello);202105;2620655.6
PIL - Area Euro (% a/a);202105;14.55041315
PIL - Area Euro (% t/t);202105;2.062355014
Inflazione - Area Euro (% a/a);202105;1.839211225
PIL - Giappone (% a/a);202105;7.292940503
Inflazione - Giappone (% a/a);202105;-0.8
PIL - Cina (% a/a);202105;8.010083328
Inflazione - Cina (% a/a);202105;1.1
PIL - India (% a/a);202105;20.1
Inflazione - India (% a/a);202105;5.59
PIL - Italia (livello);202105;415260.7
PIL - Italia (% a/a);202105;17.53580539
PIL - Italia (% t/t);202105;2.632438776
Consumi privati - Italia (livello);202105;245371.1
Consumi privati - Italia (% a/a);202105;14.27981266
Consumi privati - Italia (% t/t);202105;5.003173147
Investimenti in macchinari - Italia (livello);202105;29513.5
Investimenti in macchinari - Italia (% a/a);202105;40.45620247
Investimenti in macchinari - Italia (% t/t);202105;2.928457337
Tasso di disoccupazione - Italia;202105;9.82
Inflazione - Italia (% a/a);202105;1.154956689
Prezzi immobili (% a/a);202105;0.533130236
Brent;202105;69.08
EURUSD;202105;1.2052
S&P;202105;4297.5
Eurostoxx 50;202105;4064.3
Ftse Mib;202105;25102.04
SPREAD ITA GER;202106;1.059
Tasso BCE;202106;0.0
Tasso FED;202106;0.25
Euribor 3M;202106;-0.540333333
€STR;202106;-0.565033333
Germania 10Y;202106;-0.216666667
10Y ITA;202106;0.862666667
SPREAD ITA GER;202106;1.079333333
IRS 10Y;202106;0.106133333
10Y USA;202106;1.58
PIL - USA (livello);202106;19368.3
PIL - USA (% a/a);202106;12.22665168
PIL - USA (% t/t);202106;1.640454037
Inflazione - USA (% a/a);202106;4.81323464
PIL - Area Euro (livello);202106;2620655.6
PIL - Area Euro (% a/a);202106;14.55041315
PIL - Area Euro (% t/t);202106;2.062355014
Inflazione - Area Euro (% a/a);202106;1.839211225
PIL - Giappone (% a/a);202106;7.292940503
Inflazione - Giappone (% a/a);202106;-0.8
PIL - Cina (% a/a);202106;8.010083328
Inflazione - Cina (% a/a);202106;1.1
PIL - India (% a/a);202106;20.1
Inflazione - India (% a/a);202106;5.59
PIL - Italia (livello);202106;415260.7
PIL - Italia (% a/a);202106;17.53580539
PIL - Italia (% t/t);202106;2.632438776
Consumi privati - Italia (livello);202106;245371.1
Consumi privati - Italia (% a/a);202106;14.27981266
Consumi privati - Italia (% t/t);202106;5.003173147
Investimenti in macchinari - Italia (livello);202106;29513.5
Investimenti in macchinari - Italia (% a/a);202106;40.45620247
Investimenti in macchinari - Italia (% t/t);202106;2.928457337
Tasso di disoccupazione - Italia;202106;9.82
Inflazione - Italia (% a/a);202106;1.154956689
Prezzi immobili (% a/a);202106;0.533130236
Brent;202106;69.08
EURUSD;202106;1.2052
S&P;202106;4297.5
Eurostoxx 50;202106;4064.3
Ftse Mib;202106;25102.04
SPREAD ITA GER;202107;1.05
Tasso BCE;202107;0.0
Tasso FED;202107;0.25
Euribor 3M;202107;-0.546
€STR;202107;-0.568033333
Germania 10Y;202107;-0.372
10Y ITA;202107;0.669
SPREAD ITA GER;202107;1.041
IRS 10Y;202107;-0.0111
10Y USA;202107;1.3177
PIL - USA (livello);202107;19478.9
PIL - USA (% a/a);202107;4.946446274
PIL - USA (% t/t);202107;0.571036178
Inflazione - USA (% a/a);202107;5.2902813
PIL - Area Euro (livello);202107;2682200.4
PIL - Area Euro (% a/a);202107;3.928288794
PIL - Area Euro (% t/t);202107;2.348450517
Inflazione - Area Euro (% a/a);202107;2.827225131
PIL - Giappone (% a/a);202107;1.190387063
Inflazione - Giappone (% a/a);202107;-0.2
PIL - Cina (% a/a);202107;4.977854464
Inflazione - Cina (% a/a);202107;0.8
PIL - India (% a/a);202107;8.4
Inflazione - India (% a/a);202107;5.08
PIL - Italia (livello);202107;426619.0
PIL - Italia (% a/a);202107;3.989169618
PIL - Italia (% t/t);202107;2.735221513
Consumi privati - Italia (livello);202107;252303.8
Consumi privati - Italia (% a/a);202107;4.126405819
Consumi privati - Italia (% t/t);202107;2.825393863
Investimenti in macchinari - Italia (livello);202107;30158.8
Investimenti in macchinari - Italia (% a/a);202107;11.51216662
Investimenti in macchinari - Italia (% t/t);202107;2.186457045
Tasso di disoccupazione - Italia;202107;9.11
Inflazione - Italia (% a/a);202107;2.146341463
Prezzi immobili (% a/a);202107;0.720515738
Brent;202107;73.23
EURUSD;202107;1.1786
S&P;202107;4307.54
Eurostoxx 50;202107;4048.08
Ftse Mib;202107;25683.81
SPREAD ITA GER;202108;1.043
Tasso BCE;202108;0.0
Tasso FED;202108;0.25
Euribor 3M;202108;-0.546
€STR;202108;-0.568033333
Germania 10Y;202108;-0.372
10Y ITA;202108;0.669
SPREAD ITA GER;202108;1.041
IRS 10Y;202108;-0.0111
10Y USA;202108;1.3177
PIL - USA (livello);202108;19478.9
PIL - USA (% a/a);202108;4.946446274
PIL - USA (% t/t);202108;0.571036178
Inflazione - USA (% a/a);202108;5.2902813
PIL - Area Euro (livello);202108;2682200.4
PIL - Area Euro (% a/a);202108;3.928288794
PIL - Area Euro (% t/t);202108;2.348450517
Inflazione - Area Euro (% a/a);202108;2.827225131
PIL - Giappone (% a/a);202108;1.190387063
Inflazione - Giappone (% a/a);202108;-0.2
PIL - Cina (% a/a);202108;4.977854464
Inflazione - Cina (% a/a);202108;0.8
PIL - India (% a/a);202108;8.4
Inflazione - India (% a/a);202108;5.08
PIL - Italia (livello);202108;426619.0
PIL - Italia (% a/a);202108;3.989169618
PIL - Italia (% t/t);202108;2.735221513
Consumi privati - Italia (livello);202108;252303.8
Consumi privati - Italia (% a/a);202108;4.126405819
Consumi privati - Italia (% t/t);202108;2.825393863
Investimenti in macchinari - Italia (livello);202108;30158.8
Investimenti in macchinari - Italia (% a/a);202108;11.51216662
Investimenti in macchinari - Italia (% t/t);202108;2.186457045
Tasso di disoccupazione - Italia;202108;9.11
Inflazione - Italia (% a/a);202108;2.146341463
Prezzi immobili (% a/a);202108;0.720515738
Brent;202108;73.23
EURUSD;202108;1.1786
S&P;202108;4307.54
Eurostoxx 50;202108;4048.08
Ftse Mib;202108;25683.81
SPREAD ITA GER;202109;1.03
Tasso BCE;202109;0.0
Tasso FED;202109;0.25
Euribor 3M;202109;-0.546
€STR;202109;-0.568033333
Germania 10Y;202109;-0.372
10Y ITA;202109;0.669
SPREAD ITA GER;202109;1.041
IRS 10Y;202109;-0.0111
10Y USA;202109;1.3177
PIL - USA (livello);202109;19478.9
PIL - USA (% a/a);202109;4.946446274
PIL - USA (% t/t);202109;0.571036178
Inflazione - USA (% a/a);202109;5.2902813
PIL - Area Euro (livello);202109;2682200.4
PIL - Area Euro (% a/a);202109;3.928288794
PIL - Area Euro (% t/t);202109;2.348450517
Inflazione - Area Euro (% a/a);202109;2.827225131
PIL - Giappone (% a/a);202109;1.190387063
Inflazione - Giappone (% a/a);202109;-0.2
PIL - Cina (% a/a);202109;4.977854464
Inflazione - Cina (% a/a);202109;0.8
PIL - India (% a/a);202109;8.4
Inflazione - India (% a/a);202109;5.08
PIL - Italia (livello);202109;426619.0
PIL - Italia (% a/a);202109;3.989169618
PIL - Italia (% t/t);202109;2.735221513
Consumi privati - Italia (livello);202109;252303.8
Consumi privati - Italia (% a/a);202109;4.126405819
Consumi privati - Italia (% t/t);202109;2.825393863
Investimenti in macchinari - Italia (livello);202109;30158.8
Investimenti in macchinari - Italia (% a/a);202109;11.51216662
Investimenti in macchinari - Italia (% t/t);202109;2.186457045
Tasso di disoccupazione - Italia;202109;9.11
Inflazione - Italia (% a/a);202109;2.146341463
Prezzi immobili (% a/a);202109;0.720515738
Brent;202109;73.23
EURUSD;202109;1.1786
S&P;202109;4307.54
Eurostoxx 50;202109;4048.08
Ftse Mib;202109;25683.81
SPREAD ITA GER;202110;1.071
Tasso BCE;202110;0.0
Tasso FED;202110;0.25
Euribor 3M;202110;-0.566333333
€STR;202110;-0.5736
Germania 10Y;202110;-0.239333333
10Y ITA;202110;0.969333333
SPREAD ITA GER;202110;1.208666667
IRS 10Y;202110;0.1881
10Y USA;202110;1.5288
PIL - USA (livello);202110;19806.3
PIL - USA (% a/a);202110;5.533413613
PIL - USA (% t/t);202110;1.680793063
Inflazione - USA (% a/a);202110;6.721123586
PIL - Area Euro (livello);202110;2692677.5
PIL - Area Euro (% a/a);202110;4.765804237
PIL - Area Euro (% t/t);202110;0.390615854
Inflazione - Area Euro (% a/a);202110;4.627249357
PIL - Giappone (% a/a);202110;0.537518609
Inflazione - Giappone (% a/a);202110;0.5
PIL - Cina (% a/a);202110;3.952680104
Inflazione - Cina (% a/a);202110;1.8
PIL - India (% a/a);202110;5.4
Inflazione - India (% a/a);202110;5.02
PIL - Italia (livello);202110;429508.5
PIL - Italia (% a/a);202110;6.366958
PIL - Italia (% t/t);202110;0.67730223
Consumi privati - Italia (livello);202110;252654.9
Consumi privati - Italia (% a/a);202110;7.156871394
Consumi privati - Italia (% t/t);202110;0.139157635
Investimenti in macchinari - Italia (livello);202110;30710.5
Investimenti in macchinari - Italia (% a/a);202110;11.68551094
Investimenti in macchinari - Italia (% t/t);202110;1.829316816
Tasso di disoccupazione - Italia;202110;9.02
Inflazione - Italia (% a/a);202110;3.675048356
Prezzi immobili (% a/a);202110;1.714285714
Brent;202110;79.66
EURUSD;202110;1.1433
S&P;202110;4766.18
Eurostoxx 50;202110;4298.41
Ftse Mib;202110;27346.83
SPREAD ITA GER;202111;1.231
Tasso BCE;202111;0.0
Tasso FED;202111;0.25
Euribor 3M;202111;-0.566333333
€STR;202111;-0.5736
Germania 10Y;202111;-0.239333333
10Y ITA;202111;0.969333333
SPREAD ITA GER;202111;1.208666667
IRS 10Y;202111;0.1881
10Y USA;202111;1.5288
PIL - USA (livello);202111;19806.3
PIL - USA (% a/a);202111;5.533413613
PIL - USA (% t/t);202111;1.680793063
Inflazione - USA (% a/a);202111;6.721123586
PIL - Area Euro (livello);202111;2692677.5
PIL - Area Euro (% a/a);202111;4.765804237
PIL - Area Euro (% t/t);202111;0.390615854
Inflazione - Area Euro (% a/a);202111;4.627249357
PIL - Giappone (% a/a);202111;0.537518609
Inflazione - Giappone (% a/a);202111;0.5
PIL - Cina (% a/a);202111;3.952680104
Inflazione - Cina (% a/a);202111;1.8
PIL - India (% a/a);202111;5.4
Inflazione - India (% a/a);202111;5.02
PIL - Italia (livello);202111;429508.5
PIL - Italia (% a/a);202111;6.366958
PIL - Italia (% t/t);202111;0.67730223
Consumi privati - Italia (livello);202111;252654.9
Consumi privati - Italia (% a/a);202111;7.156871394
Consumi privati - Italia (% t/t);202111;0.139157635
Investimenti in macchinari - Italia (livello);202111;30710.5
Investimenti in macchinari - Italia (% a/a);202111;11.68551094
Investimenti in macchinari - Italia (% t/t);202111;1.829316816
Tasso di disoccupazione - Italia;202111;9.02
Inflazione - Italia (% a/a);202111;3.675048356
Prezzi immobili (% a/a);202111;1.714285714
Brent;202111;79.66
EURUSD;202111;1.1433
S&P;202111;4766.18
Eurostoxx 50;202111;4298.41
Ftse Mib;202111;27346.83
SPREAD ITA GER;202112;1.324
Tasso BCE;202112;0.0
Tasso FED;202112;0.25
Euribor 3M;202112;-0.566333333
€STR;202112;-0.5736
Germania 10Y;202112;-0.239333333
10Y ITA;202112;0.969333333
SPREAD ITA GER;202112;1.208666667
IRS 10Y;202112;0.1881
10Y USA;202112;1.5288
PIL - USA (livello);202112;19806.3
PIL - USA (% a/a);202112;5.533413613
PIL - USA (% t/t);202112;1.680793063
Inflazione - USA (% a/a);202112;6.721123586
PIL - Area Euro (livello);202112;2692677.5
PIL - Area Euro (% a/a);202112;4.765804237
PIL - Area Euro (% t/t);202112;0.390615854
Inflazione - Area Euro (% a/a);202112;4.627249357
PIL - Giappone (% a/a);202112;0.537518609
Inflazione - Giappone (% a/a);202112;0.5
PIL - Cina (% a/a);202112;3.952680104
Inflazione - Cina (% a/a);202112;1.8
PIL - India (% a/a);202112;5.4
Inflazione - India (% a/a);202112;5.02
PIL - Italia (livello);202112;429508.5
PIL - Italia (% a/a);202112;6.366958
PIL - Italia (% t/t);202112;0.67730223
Consumi privati - Italia (livello);202112;252654.9
Consumi privati - Italia (% a/a);202112;7.156871394
Consumi privati - Italia (% t/t);202112;0.139157635
Investimenti in macchinari - Italia (livello);202112;30710.5
Investimenti in macchinari - Italia (% a/a);202112;11.68551094
Investimenti in macchinari - Italia (% t/t);202112;1.829316816
Tasso di disoccupazione - Italia;202112;9.02
Inflazione - Italia (% a/a);202112;3.675048356
Prezzi immobili (% a/a);202112;1.714285714
Brent;202112;79.66
EURUSD;202112;1.1433
S&P;202112;4766.18
Eurostoxx 50;202112;4298.41
Ftse Mib;202112;27346.83
SPREAD ITA GER;202201;1.337
Tasso BCE;202201;0.0
Tasso FED;202201;0.5
Euribor 3M;202201;-0.528666667
€STR;202201;-0.5777
Germania 10Y;202201;0.158666667
10Y ITA;202201;1.646666667
SPREAD ITA GER;202201;1.488
IRS 10Y;202201;0.710966667
10Y USA;202201;1.9459
PIL - USA (livello);202201;19727.9
PIL - USA (% a/a);202201;3.527553435
PIL - USA (% t/t);202201;-0.395833649
Inflazione - USA (% a/a);202201;8.000379471
PIL - Area Euro (livello);202201;2706088.4
PIL - Area Euro (% a/a);202201;5.389565489
PIL - Area Euro (% t/t);202201;0.498050732
Inflazione - Area Euro (% a/a);202201;6.143667297
PIL - Giappone (% a/a);202201;0.910667726
Inflazione - Giappone (% a/a);202201;0.9
PIL - Cina (% a/a);202201;4.779341576
Inflazione - Cina (% a/a);202201;1.1
PIL - India (% a/a);202201;1.402719131
Inflazione - India (% a/a);202201;11.903
PIL - Italia (livello);202201;429990.6
PIL - Italia (% a/a);202201;6.272960404
PIL - Italia (% t/t);202201;0.112244577
Consumi privati - Italia (livello);202201;250325.0
Consumi privati - Italia (% a/a);202201;7.123126228
Consumi privati - Italia (% t/t);202201;-0.922166956
Investimenti in macchinari - Italia (livello);202201;31978.7
Investimenti in macchinari - Italia (% a/a);202201;11.52585287
Investimenti in macchinari - Italia (% t/t);202201;4.129532245
Tasso di disoccupazione - Italia;202201;8.5
Inflazione - Italia (% a/a);202201;6.013579049
Prezzi immobili (% a/a);202201;2.59047619
Brent;202201;97.9
EURUSD;202201;1.1217
S&P;202201;4530.41
Eurostoxx 50;202201;3902.52
Ftse Mib;202201;25021.26
SPREAD ITA GER;202202;1.595
Tasso BCE;202202;0.0
Tasso FED;202202;0.5
Euribor 3M;202202;-0.528666667
€STR;202202;-0.5777
Germania 10Y;202202;0.158666667
10Y ITA;202202;1.646666667
SPREAD ITA GER;202202;1.488
IRS 10Y;202202;0.710966667
10Y USA;202202;1.9459
PIL - USA (livello);202202;19727.9
PIL - USA (% a/a);202202;3.527553435
PIL - USA (% t/t);202202;-0.395833649
Inflazione - USA (% a/a);202202;8.000379471
PIL - Area Euro (livello);202202;2706088.4
PIL - Area Euro (% a/a);202202;5.389565489
PIL - Area Euro (% t/t);202202;0.498050732
Inflazione - Area Euro (% a/a);202202;6.143667297
PIL - Giappone (% a/a);202202;0.910667726
Inflazione - Giappone (% a/a);202202;0.9
PIL - Cina (% a/a);202202;4.779341576
Inflazione - Cina (% a/a);202202;1.1
PIL - India (% a/a);202202;1.402719131
Inflazione - India (% a/a);202202;11.903
PIL - Italia (livello);202202;429990.6
PIL - Italia (% a/a);202202;6.272960404
PIL - Italia (% t/t);202202;0.112244577
Consumi privati - Italia (livello);202202;250325.0
Consumi privati - Italia (% a/a);202202;7.123126228
Consumi privati - Italia (% t/t);202202;-0.922166956
Investimenti in macchinari - Italia (livello);202202;31978.7
Investimenti in macchinari - Italia (% a/a);202202;11.52585287
Investimenti in macchinari - Italia (% t/t);202202;4.129532245
Tasso di disoccupazione - Italia;202202;8.5
Inflazione - Italia (% a/a);202202;6.013579049
Prezzi immobili (% a/a);202202;2.59047619
Brent;202202;97.9
EURUSD;202202;1.1217
S&P;202202;4530.41
Eurostoxx 50;202202;3902.52
Ftse Mib;202202;25021.26
SPREAD ITA GER;202203;1.532
Tasso BCE;202203;0.0
Tasso FED;202203;0.5
Euribor 3M;202203;-0.528666667
€STR;202203;-0.5777
Germania 10Y;202203;0.158666667
10Y ITA;202203;1.646666667
SPREAD ITA GER;202203;1.488
IRS 10Y;202203;0.710966667
10Y USA;202203;1.9459
PIL - USA (livello);202203;19727.9
PIL - USA (% a/a);202203;3.527553435
PIL - USA (% t/t);202203;-0.395833649
Inflazione - USA (% a/a);202203;8.000379471
PIL - Area Euro (livello);202203;2706088.4
PIL - Area Euro (% a/a);202203;5.389565489
PIL - Area Euro (% t/t);202203;0.498050732
Inflazione - Area Euro (% a/a);202203;6.143667297
PIL - Giappone (% a/a);202203;0.910667726
Inflazione - Giappone (% a/a);202203;0.9
PIL - Cina (% a/a);202203;4.779341576
Inflazione - Cina (% a/a);202203;1.1
PIL - India (% a/a);202203;1.402719131
Inflazione - India (% a/a);202203;11.903
PIL - Italia (livello);202203;429990.6
PIL - Italia (% a/a);202203;6.272960404
PIL - Italia (% t/t);202203;0.112244577
Consumi privati - Italia (livello);202203;250325.0
Consumi privati - Italia (% a/a);202203;7.123126228
Consumi privati - Italia (% t/t);202203;-0.922166956
Investimenti in macchinari - Italia (livello);202203;31978.7
Investimenti in macchinari - Italia (% a/a);202203;11.52585287
Investimenti in macchinari - Italia (% t/t);202203;4.129532245
Tasso di disoccupazione - Italia;202203;8.5
Inflazione - Italia (% a/a);202203;6.013579049
Prezzi immobili (% a/a);202203;2.59047619
Brent;202203;97.9
EURUSD;202203;1.1217
S&P;202203;4530.41
Eurostoxx 50;202203;3902.52
Ftse Mib;202203;25021.26
SPREAD ITA GER;202204;1.672
Tasso BCE;202204;0.0
Tasso FED;202204;1.75
Euribor 3M;202204;-0.357666667
€STR;202204;-0.583566667
Germania 10Y;202204;1.093666667
10Y ITA;202204;2.987
SPREAD ITA GER;202204;1.893333333
IRS 10Y;202204;1.843
10Y USA;202204;2.9246
PIL - USA (livello);202204;19699.5
PIL - USA (% a/a);202204;1.710010688
PIL - USA (% t/t);202204;-0.143958556
Inflazione - USA (% a/a);202204;8.580890013
PIL - Area Euro (livello);202204;2723081.5
PIL - Area Euro (% a/a);202204;3.908407499
PIL - Area Euro (% t/t);202204;0.627958052
Inflazione - Area Euro (% a/a);202204;8.043194936
PIL - Giappone (% a/a);202204;0.994933674
Inflazione - Giappone (% a/a);202204;2.5
PIL - Cina (% a/a);202204;0.546875562
Inflazione - Cina (% a/a);202204;2.2
PIL - India (% a/a);202204;17.11938319
Inflazione - India (% a/a);202204;6.03545
PIL - Italia (livello);202204;434868.9
PIL - Italia (% a/a);202204;4.721901206
PIL - Italia (% t/t);202204;1.134513173
Consumi privati - Italia (livello);202204;256842.3
Consumi privati - Italia (% a/a);202204;4.675041193
Consumi privati - Italia (% t/t);202204;2.603535404
Investimenti in macchinari - Italia (livello);202204;32542.6
Investimenti in macchinari - Italia (% a/a);202204;10.26343877
Investimenti in macchinari - Italia (% t/t);202204;1.763361237
Tasso di disoccupazione - Italia;202204;8.07
Inflazione - Italia (% a/a);202204;7.224468982
Prezzi immobili (% a/a);202204;3.21969697
Brent;202204;111.98
EURUSD;202204;1.0647
S&P;202204;3785.38
Eurostoxx 50;202204;3454.86
Ftse Mib;202204;21293.86
SPREAD ITA GER;202205;1.959
Tasso BCE;202205;0.0
Tasso FED;202205;1.75
Euribor 3M;202205;-0.357666667
€STR;202205;-0.583566667
Germania 10Y;202205;1.093666667
10Y ITA;202205;2.987
SPREAD ITA GER;202205;1.893333333
IRS 10Y;202205;1.843
10Y USA;202205;2.9246
PIL - USA (livello);202205;19699.5
PIL - USA (% a/a);202205;1.710010688
PIL - USA (% t/t);202205;-0.143958556
Inflazione - USA (% a/a);202205;8.580890013
PIL - Area Euro (livello);202205;2723081.5
PIL - Area Euro (% a/a);202205;3.908407499
PIL - Area Euro (% t/t);202205;0.627958052
Inflazione - Area Euro (% a/a);202205;8.043194936
PIL - Giappone (% a/a);202205;0.994933674
Inflazione - Giappone (% a/a);202205;2.5
PIL - Cina (% a/a);202205;0.546875562
Inflazione - Cina (% a/a);202205;2.2
PIL - India (% a/a);202205;17.11938319
Inflazione - India (% a/a);202205;6.03545
PIL - Italia (livello);202205;434868.9
PIL - Italia (% a/a);202205;4.721901206
PIL - Italia (% t/t);202205;1.134513173
Consumi privati - Italia (livello);202205;256842.3
Consumi privati - Italia (% a/a);202205;4.675041193
Consumi privati - Italia (% t/t);202205;2.603535404
Investimenti in macchinari - Italia (livello);202205;32542.6
Investimenti in macchinari - Italia (% a/a);202205;10.26343877
Investimenti in macchinari - Italia (% t/t);202205;1.763361237
Tasso di disoccupazione - Italia;202205;8.07
Inflazione - Italia (% a/a);202205;7.224468982
Prezzi immobili (% a/a);202205;3.21969697
Brent;202205;111.98
EURUSD;202205;1.0647
S&P;202205;3785.38
Eurostoxx 50;202205;3454.86
Ftse Mib;202205;21293.86
SPREAD ITA GER;202206;2.049
Tasso BCE;202206;0.0
Tasso FED;202206;1.75
Euribor 3M;202206;-0.357666667
€STR;202206;-0.583566667
Germania 10Y;202206;1.093666667
10Y ITA;202206;2.987
SPREAD ITA GER;202206;1.893333333
IRS 10Y;202206;1.843
10Y USA;202206;2.9246
PIL - USA (livello);202206;19699.5
PIL - USA (% a/a);202206;1.710010688
PIL - USA (% t/t);202206;-0.143958556
Inflazione - USA (% a/a);202206;8.580890013
PIL - Area Euro (livello);202206;2723081.5
PIL - Area Euro (% a/a);202206;3.908407499
PIL - Area Euro (% t/t);202206;0.627958052
Inflazione - Area Euro (% a/a);202206;8.043194936
PIL - Giappone (% a/a);202206;0.994933674
Inflazione - Giappone (% a/a);202206;2.5
PIL - Cina (% a/a);202206;0.546875562
Inflazione - Cina (% a/a);202206;2.2
PIL - India (% a/a);202206;17.11938319
Inflazione - India (% a/a);202206;6.03545
PIL - Italia (livello);202206;434868.9
PIL - Italia (% a/a);202206;4.721901206
PIL - Italia (% t/t);202206;1.134513173
Consumi privati - Italia (livello);202206;256842.3
Consumi privati - Italia (% a/a);202206;4.675041193
Consumi privati - Italia (% t/t);202206;2.603535404
Investimenti in macchinari - Italia (livello);202206;32542.6
Investimenti in macchinari - Italia (% a/a);202206;10.26343877
Investimenti in macchinari - Italia (% t/t);202206;1.763361237
Tasso di disoccupazione - Italia;202206;8.07
Inflazione - Italia (% a/a);202206;7.224468982
Prezzi immobili (% a/a);202206;3.21969697
Brent;202206;111.98
EURUSD;202206;1.0647
S&P;202206;3785.38
Eurostoxx 50;202206;3454.86
Ftse Mib;202206;21293.86
SPREAD ITA GER;202207;2.098
Tasso BCE;202207;1.25
Tasso FED;202207;3.25
Euribor 3M;202207;0.477333333
€STR;202207;0.034866667
Germania 10Y;202207;1.280666667
10Y ITA;202207;3.546
SPREAD ITA GER;202207;2.265333333
IRS 10Y;202207;2.085881667
10Y USA;202207;3.05
PIL - USA (livello);202207;19778.298
PIL - USA (% a/a);202207;1.537037512
PIL - USA (% t/t);202207;0.4
Inflazione - USA (% a/a);202207;8.294443426
PIL - Area Euro (livello);202207;2723081.5
PIL - Area Euro (% a/a);202207;1.524162773
PIL - Area Euro (% t/t);202207;0.0
Inflazione - Area Euro (% a/a);202207;9.3
PIL - Giappone (% a/a);202207;2.456943838
Inflazione - Giappone (% a/a);202207;2.433333333
PIL - Cina (% a/a);202207;2.803311615
Inflazione - Cina (% a/a);202207;2.965
PIL - India (% a/a);202207;8.029444219
Inflazione - India (% a/a);202207;5.1553175
PIL - Italia (livello);202207;435216.7951
PIL - Italia (% a/a);202207;2.015333382
PIL - Italia (% t/t);202207;0.08
Consumi privati - Italia (livello);202207;258168.5102
Consumi privati - Italia (% a/a);202207;2.324463679
Consumi privati - Italia (% t/t);202207;0.516351937
Investimenti in macchinari - Italia (livello);202207;32859.79346
Investimenti in macchinari - Italia (% a/a);202207;8.955904952
Investimenti in macchinari - Italia (% t/t);202207;0.974702275
Tasso di disoccupazione - Italia;202207;8.003086229
Inflazione - Italia (% a/a);202207;8.972429989
Prezzi immobili (% a/a);202207;3.200301205
Brent;202207;103.0
EURUSD;202207;1.009733333
S&P;202207;3757.062881
Eurostoxx 50;202207;3368.527701
Ftse Mib;202207;21392.802
SPREAD ITA GER;202208;2.198
Tasso BCE;202208;1.25
Tasso FED;202208;3.25
Euribor 3M;202208;0.477333333
€STR;202208;0.034866667
Germania 10Y;202208;1.280666667
10Y ITA;202208;3.546
SPREAD ITA GER;202208;2.265333333
IRS 10Y;202208;2.085881667
10Y USA;202208;3.05
PIL - USA (livello);202208;19778.298
PIL - USA (% a/a);202208;1.537037512
PIL - USA (% t/t);202208;0.4
Inflazione - USA (% a/a);202208;8.294443426
PIL - Area Euro (livello);202208;2723081.5
PIL - Area Euro (% a/a);202208;1.524162773
PIL - Area Euro (% t/t);202208;0.0
Inflazione - Area Euro (% a/a);202208;9.3
PIL - Giappone (% a/a);202208;2.456943838
Inflazione - Giappone (% a/a);202208;2.433333333
PIL - Cina (% a/a);202208;2.803311615
Inflazione - Cina (% a/a);202208;2.965
PIL - India (% a/a);202208;8.029444219
Inflazione - India (% a/a);202208;5.1553175
PIL - Italia (livello);202208;435216.7951
PIL - Italia (% a/a);202208;2.015333382
PIL - Italia (% t/t);202208;0.08
Consumi privati - Italia (livello);202208;258168.5102
Consumi privati - Italia (% a/a);202208;2.324463679
Consumi privati - Italia (% t/t);202208;0.516351937
Investimenti in macchinari - Italia (livello);202208;32859.79346
Investimenti in macchinari - Italia (% a/a);202208;8.955904952
Investimenti in macchinari - Italia (% t/t);202208;0.974702275
Tasso di disoccupazione - Italia;202208;8.003086229
Inflazione - Italia (% a/a);202208;8.972429989
Prezzi immobili (% a/a);202208;3.200301205
Brent;202208;103.0
EURUSD;202208;1.009733333
S&P;202208;3757.062881
Eurostoxx 50;202208;3368.527701
Ftse Mib;202208;21392.802
SPREAD ITA GER;202209;2.5
Tasso BCE;202209;1.25
Tasso FED;202209;3.25
Euribor 3M;202209;0.477333333
€STR;202209;0.034866667
Germania 10Y;202209;1.280666667
10Y ITA;202209;3.546
SPREAD ITA GER;202209;2.265333333
IRS 10Y;202209;2.085881667
10Y USA;202209;3.05
PIL - USA (livello);202209;19778.298
PIL - USA (% a/a);202209;1.537037512
PIL - USA (% t/t);202209;0.4
Inflazione - USA (% a/a);202209;8.294443426
PIL - Area Euro (livello);202209;2723081.5
PIL - Area Euro (% a/a);202209;1.524162773
PIL - Area Euro (% t/t);202209;0.0
Inflazione - Area Euro (% a/a);202209;9.3
PIL - Giappone (% a/a);202209;2.456943838
Inflazione - Giappone (% a/a);202209;2.433333333
PIL - Cina (% a/a);202209;2.803311615
Inflazione - Cina (% a/a);202209;2.965
PIL - India (% a/a);202209;8.029444219
Inflazione - India (% a/a);202209;5.1553175
PIL - Italia (livello);202209;435216.7951
PIL - Italia (% a/a);202209;2.015333382
PIL - Italia (% t/t);202209;0.08
Consumi privati - Italia (livello);202209;258168.5102
Consumi privati - Italia (% a/a);202209;2.324463679
Consumi privati - Italia (% t/t);202209;0.516351937
Investimenti in macchinari - Italia (livello);202209;32859.79346
Investimenti in macchinari - Italia (% a/a);202209;8.955904952
Investimenti in macchinari - Italia (% t/t);202209;0.974702275
Tasso di disoccupazione - Italia;202209;8.003086229
Inflazione - Italia (% a/a);202209;8.972429989
Prezzi immobili (% a/a);202209;3.200301205
Brent;202209;103.0
EURUSD;202209;1.009733333
S&P;202209;3757.062881
Eurostoxx 50;202209;3368.527701
Ftse Mib;202209;21392.802
SPREAD ITA GER;202210;2.7
Tasso BCE;202210;2.5
Tasso FED;202210;4.0
Euribor 3M;202210;1.85
€STR;202210;1.616666667
Germania 10Y;202210;1.6
10Y ITA;202210;4.3
SPREAD ITA GER;202210;2.7
IRS 10Y;202210;2.396133388
10Y USA;202210;3.45
PIL - USA (livello);202210;19817.8546
PIL - USA (% a/a);202210;0.058337983
PIL - USA (% t/t);202210;0.2
Inflazione - USA (% a/a);202210;7.407851647
PIL - Area Euro (livello);202210;2714912.256
PIL - Area Euro (% a/a);202210;0.825748925
PIL - Area Euro (% t/t);202210;-0.3
Inflazione - Area Euro (% a/a);202210;10.0
PIL - Giappone (% a/a);202210;1.967983414
Inflazione - Giappone (% a/a);202210;2.066666667
PIL - Cina (% a/a);202210;4.5685184
Inflazione - Cina (% a/a);202210;3.067
PIL - India (% a/a);202210;2.788360453
Inflazione - India (% a/a);202210;5.023297625
PIL - Italia (livello);202210;433562.6265
PIL - Italia (% a/a);202210;0.943899014
PIL - Italia (% t/t);202210;-0.380079226
Consumi privati - Italia (livello);202210;257349.9657
Consumi privati - Italia (% a/a);202210;1.858291972
Consumi privati - Italia (% t/t);202210;-0.317058214
Investimenti in macchinari - Italia (livello);202210;32709.48285
Investimenti in macchinari - Italia (% a/a);202210;6.509118539
Investimenti in macchinari - Italia (% t/t);202210;-0.457430183
Tasso di disoccupazione - Italia;202210;8.04054348
Inflazione - Italia (% a/a);202210;9.793903663
Prezzi immobili (% a/a);202210;3.192040039
Brent;202210;106.0
EURUSD;202210;1.0
S&P;202210;3728.745763
Eurostoxx 50;202210;3282.195402
Ftse Mib;202210;20893.248
SPREAD ITA GER;202211;2.7
Tasso BCE;202211;2.5
Tasso FED;202211;4.0
Euribor 3M;202211;1.85
€STR;202211;1.616666667
Germania 10Y;202211;1.6
10Y ITA;202211;4.3
SPREAD ITA GER;202211;2.7
IRS 10Y;202211;2.396133388
10Y USA;202211;3.45
PIL - USA (livello);202211;19817.8546
PIL - USA (% a/a);202211;0.058337983
PIL - USA (% t/t);202211;0.2
Inflazione - USA (% a/a);202211;7.407851647
PIL - Area Euro (livello);202211;2714912.256
PIL - Area Euro (% a/a);202211;0.825748925
PIL - Area Euro (% t/t);202211;-0.3
Inflazione - Area Euro (% a/a);202211;10.0
PIL - Giappone (% a/a);202211;1.967983414
Inflazione - Giappone (% a/a);202211;2.066666667
PIL - Cina (% a/a);202211;4.5685184
Inflazione - Cina (% a/a);202211;3.067
PIL - India (% a/a);202211;2.788360453
Inflazione - India (% a/a);202211;5.023297625
PIL - Italia (livello);202211;433562.6265
PIL - Italia (% a/a);202211;0.943899014
PIL - Italia (% t/t);202211;-0.380079226
Consumi privati - Italia (livello);202211;257349.9657
Consumi privati - Italia (% a/a);202211;1.858291972
Consumi privati - Italia (% t/t);202211;-0.317058214
Investimenti in macchinari - Italia (livello);202211;32709.48285
Investimenti in macchinari - Italia (% a/a);202211;6.509118539
Investimenti in macchinari - Italia (% t/t);202211;-0.457430183
Tasso di disoccupazione - Italia;202211;8.04054348
Inflazione - Italia (% a/a);202211;9.793903663
Prezzi immobili (% a/a);202211;3.192040039
Brent;202211;106.0
EURUSD;202211;1.0
S&P;202211;3728.745763
Eurostoxx 50;202211;3282.195402
Ftse Mib;202211;20893.248
SPREAD ITA GER;202212;2.7
Tasso BCE;202212;2.5
Tasso FED;202212;4.0
Euribor 3M;202212;1.85
€STR;202212;1.616666667
Germania 10Y;202212;1.6
10Y ITA;202212;4.3
SPREAD ITA GER;202212;2.7
IRS 10Y;202212;2.396133388
10Y USA;202212;3.45
PIL - USA (livello);202212;19817.8546
PIL - USA (% a/a);202212;0.058337983
PIL - USA (% t/t);202212;0.2
Inflazione - USA (% a/a);202212;7.407851647
PIL - Area Euro (livello);202212;2714912.256
PIL - Area Euro (% a/a);202212;0.825748925
PIL - Area Euro (% t/t);202212;-0.3
Inflazione - Area Euro (% a/a);202212;10.0
PIL - Giappone (% a/a);202212;1.967983414
Inflazione - Giappone (% a/a);202212;2.066666667
PIL - Cina (% a/a);202212;4.5685184
Inflazione - Cina (% a/a);202212;3.067
PIL - India (% a/a);202212;2.788360453
Inflazione - India (% a/a);202212;5.023297625
PIL - Italia (livello);202212;433562.6265
PIL - Italia (% a/a);202212;0.943899014
PIL - Italia (% t/t);202212;-0.380079226
Consumi privati - Italia (livello);202212;257349.9657
Consumi privati - Italia (% a/a);202212;1.858291972
Consumi privati - Italia (% t/t);202212;-0.317058214
Investimenti in macchinari - Italia (livello);202212;32709.48285
Investimenti in macchinari - Italia (% a/a);202212;6.509118539
Investimenti in macchinari - Italia (% t/t);202212;-0.457430183
Tasso di disoccupazione - Italia;202212;8.04054348
Inflazione - Italia (% a/a);202212;9.793903663
Prezzi immobili (% a/a);202212;3.192040039
Brent;202212;106.0
EURUSD;202212;1.0
S&P;202212;3728.745763
Eurostoxx 50;202212;3282.195402
Ftse Mib;202212;20893.248
SPREAD ITA GER;202301;1.876
Tasso BCE;202301;2.5
Tasso FED;202301;5.0
Euribor 3M;202301;2.345
€STR;202301;1.9019
Germania 10Y;202301;2.214
10Y ITA;202301;4.09
SPREAD ITA GER;202301;1.876
IRS 10Y;202301;2.8102
10Y USA;202301;3.6477
PIL - USA (livello);202301;22403.4
PIL - USA (% a/a);202301;2.280415816
PIL - USA (% t/t);202301;0.691700937
Inflazione - USA (% a/a);202301;5.74982621
PIL - Area Euro (livello);202301;2818111.4
PIL - Area Euro (% a/a);202301;1.369334787
PIL - Area Euro (% t/t);202301;-0.006897761
Inflazione - Area Euro (% a/a);202301;7.996438112
PIL - Giappone (% a/a);202301;2.453068617
Inflazione - Giappone (% a/a);202301;3.6
PIL - Cina (% a/a);202301;4.477877504
Inflazione - Cina (% a/a);202301;1.3
PIL - India (% a/a);202301;6.18
Inflazione - India (% a/a);202301;6.21
PIL - Italia (livello);202301;479740.7
PIL - Italia (% a/a);202301;2.2553088
PIL - Italia (% t/t);202301;0.342436313
Consumi privati - Italia (livello);202301;266895.5
Consumi privati - Italia (% a/a);202301;2.883563833
Consumi privati - Italia (% t/t);202301;0.421257157
Investimenti in macchinari - Italia (livello);202301;107188.1
Investimenti in macchinari - Italia (% a/a);202301;9.374384573
Investimenti in macchinari - Italia (% t/t);202301;6.273404805
Tasso di disoccupazione - Italia;202301;7.86
Inflazione - Italia (% a/a);202301;9.471063007
Prezzi immobili (% a/a);202301;2.673598218
Brent;202301;82.16
EURUSD;202301;1.0732
S&P;202301;4109.31
Eurostoxx 50;202301;4315.05
Ftse Mib;202301;26599.74
SPREAD ITA GER;202302;1.865
Tasso BCE;202302;3.0
Tasso FED;202302;5.0
Euribor 3M;202302;2.64
€STR;202302;2.2745
Germania 10Y;202302;2.406
10Y ITA;202302;4.271
SPREAD ITA GER;202302;1.865
IRS 10Y;202302;2.9707
10Y USA;202302;3.6477
PIL - USA (livello);202302;22403.4
PIL - USA (% a/a);202302;2.280415816
PIL - USA (% t/t);202302;0.691700937
Inflazione - USA (% a/a);202302;5.74982621
PIL - Area Euro (livello);202302;2818111.4
PIL - Area Euro (% a/a);202302;1.369334787
PIL - Area Euro (% t/t);202302;-0.006897761
Inflazione - Area Euro (% a/a);202302;7.996438112
PIL - Giappone (% a/a);202302;2.453068617
Inflazione - Giappone (% a/a);202302;3.6
PIL - Cina (% a/a);202302;4.477877504
Inflazione - Cina (% a/a);202302;1.3
PIL - India (% a/a);202302;6.18
Inflazione - India (% a/a);202302;6.21
PIL - Italia (livello);202302;479740.7
PIL - Italia (% a/a);202302;2.2553088
PIL - Italia (% t/t);202302;0.342436313
Consumi privati - Italia (livello);202302;266895.5
Consumi privati - Italia (% a/a);202302;2.883563833
Consumi privati - Italia (% t/t);202302;0.421257157
Investimenti in macchinari - Italia (livello);202302;107188.1
Investimenti in macchinari - Italia (% a/a);202302;9.374384573
Investimenti in macchinari - Italia (% t/t);202302;6.273404805
Tasso di disoccupazione - Italia;202302;7.86
Inflazione - Italia (% a/a);202302;9.471063007
Prezzi immobili (% a/a);202302;2.673598218
Brent;202302;82.16
EURUSD;202302;1.0732
S&P;202302;4109.31
Eurostoxx 50;202302;4315.05
Ftse Mib;202302;27478.37
SPREAD ITA GER;202303;1.85
Tasso BCE;202303;3.5
Tasso FED;202303;5.0
Euribor 3M;202303;2.911
€STR;202303;2.5721
Germania 10Y;202303;2.396
10Y ITA;202303;4.246
SPREAD ITA GER;202303;1.85
IRS 10Y;202303;3.0472
10Y USA;202303;3.6477
PIL - USA (livello);202303;22403.4
PIL - USA (% a/a);202303;2.280415816
PIL - USA (% t/t);202303;0.691700937
Inflazione - USA (% a/a);202303;5.74982621
PIL - Area Euro (livello);202303;2818111.4
PIL - Area Euro (% a/a);202303;1.369334787
PIL - Area Euro (% t/t);202303;-0.006897761
Inflazione - Area Euro (% a/a);202303;7.996438112
PIL - Giappone (% a/a);202303;2.453068617
Inflazione - Giappone (% a/a);202303;3.6
PIL - Cina (% a/a);202303;4.477877504
Inflazione - Cina (% a/a);202303;1.3
PIL - India (% a/a);202303;6.18
Inflazione - India (% a/a);202303;6.21
PIL - Italia (livello);202303;479740.7
PIL - Italia (% a/a);202303;2.2553088
PIL - Italia (% t/t);202303;0.342436313
Consumi privati - Italia (livello);202303;266895.5
Consumi privati - Italia (% a/a);202303;2.883563833
Consumi privati - Italia (% t/t);202303;0.421257157
Investimenti in macchinari - Italia (livello);202303;107188.1
Investimenti in macchinari - Italia (% a/a);202303;9.374384573
Investimenti in macchinari - Italia (% t/t);202303;6.273404805
Tasso di disoccupazione - Italia;202303;7.86
Inflazione - Italia (% a/a);202303;9.471063007
Prezzi immobili (% a/a);202303;2.673598218
Brent;202303;82.16
EURUSD;202303;1.0732
S&P;202303;4109.31
Eurostoxx 50;202303;4315.05
Ftse Mib;202303;27113.95
SPREAD ITA GER;202304;1.855
Tasso BCE;202304;3.5
Tasso FED;202304;5.25
Euribor 3M;202304;3.179
€STR;202304;2.8998
Germania 10Y;202304;2.356
10Y ITA;202304;4.211
SPREAD ITA GER;202304;1.855
IRS 10Y;202304;3.0016
10Y USA;202304;3.5948
PIL - USA (livello);202304;22539.4
PIL - USA (% a/a);202304;2.829482828
PIL - USA (% t/t);202304;0.607050716
Inflazione - USA (% a/a);202304;4.03168487
PIL - Area Euro (livello);202304;2819576.6
PIL - Area Euro (% a/a);202304;0.543669909
PIL - Area Euro (% t/t);202304;0.051992267
Inflazione - Area Euro (% a/a);202304;6.195071515
PIL - Giappone (% a/a);202304;1.975841765
Inflazione - Giappone (% a/a);202304;3.3
PIL - Cina (% a/a);202304;7.466008832
Inflazione - Cina (% a/a);202304;0.1
PIL - India (% a/a);202304;8.24
Inflazione - India (% a/a);202304;4.63
PIL - Italia (livello);202304;478808.6
PIL - Italia (% a/a);202304;0.489151753
PIL - Italia (% t/t);202304;-0.194292458
Consumi privati - Italia (livello);202304;269121.4
Consumi privati - Italia (% a/a);202304;0.938416334
Consumi privati - Italia (% t/t);202304;0.833996826
Investimenti in macchinari - Italia (livello);202304;106565.3
Investimenti in macchinari - Italia (% a/a);202304;7.315542961
Investimenti in macchinari - Italia (% t/t);202304;-0.581034648
Tasso di disoccupazione - Italia;202304;7.7
Inflazione - Italia (% a/a);202304;7.828704037
Prezzi immobili (% a/a);202304;1.944954128
Brent;202304;77.73
EURUSD;202304;1.0888
S&P;202304;4450.38
Eurostoxx 50;202304;4399.09
Ftse Mib;202304;27077.44
SPREAD ITA GER;202305;1.871
Tasso BCE;202305;3.75
Tasso FED;202305;5.25
Euribor 3M;202305;3.372
€STR;202305;3.0796
Germania 10Y;202305;2.352
10Y ITA;202305;4.223
SPREAD ITA GER;202305;1.871
IRS 10Y;202305;3.0148
10Y USA;202305;3.5948
PIL - USA (livello);202305;22539.4
PIL - USA (% a/a);202305;2.829482828
PIL - USA (% t/t);202305;0.607050716
Inflazione - USA (% a/a);202305;4.03168487
PIL - Area Euro (livello);202305;2819576.6
PIL - Area Euro (% a/a);202305;0.543669909
PIL - Area Euro (% t/t);202305;0.051992267
Inflazione - Area Euro (% a/a);202305;6.195071515
PIL - Giappone (% a/a);202305;1.975841765
Inflazione - Giappone (% a/a);202305;3.3
PIL - Cina (% a/a);202305;7.466008832
Inflazione - Cina (% a/a);202305;0.1
PIL - India (% a/a);202305;8.24
Inflazione - India (% a/a);202305;4.63
PIL - Italia (livello);202305;478808.6
PIL - Italia (% a/a);202305;0.489151753
PIL - Italia (% t/t);202305;-0.194292458
Consumi privati - Italia (livello);202305;269121.4
Consumi privati - Italia (% a/a);202305;0.938416334
Consumi privati - Italia (% t/t);202305;0.833996826
Investimenti in macchinari - Italia (livello);202305;106565.3
Investimenti in macchinari - Italia (% a/a);202305;7.315542961
Investimenti in macchinari - Italia (% t/t);202305;-0.581034648
Tasso di disoccupazione - Italia;202305;7.7
Inflazione - Italia (% a/a);202305;7.828704037
Prezzi immobili (% a/a);202305;1.944954128
Brent;202305;77.73
EURUSD;202305;1.0888
S&P;202305;4450.38
Eurostoxx 50;202305;4399.09
Ftse Mib;202305;26051.33
SPREAD ITA GER;202306;1.679
Tasso BCE;202306;4.0
Tasso FED;202306;5.25
Euribor 3M;202306;3.536
€STR;202306;3.238
Germania 10Y;202306;2.397
10Y ITA;202306;4.076
SPREAD ITA GER;202306;1.679
IRS 10Y;202306;3.0076
10Y USA;202306;3.5948
PIL - USA (livello);202306;22539.4
PIL - USA (% a/a);202306;2.829482828
PIL - USA (% t/t);202306;0.607050716
Inflazione - USA (% a/a);202306;4.03168487
PIL - Area Euro (livello);202306;2819576.6
PIL - Area Euro (% a/a);202306;0.543669909
PIL - Area Euro (% t/t);202306;0.051992267
Inflazione - Area Euro (% a/a);202306;6.195071515
PIL - Giappone (% a/a);202306;1.975841765
Inflazione - Giappone (% a/a);202306;3.3
PIL - Cina (% a/a);202306;7.466008832
Inflazione - Cina (% a/a);202306;0.1
PIL - India (% a/a);202306;8.24
Inflazione - India (% a/a);202306;4.63
PIL - Italia (livello);202306;478808.6
PIL - Italia (% a/a);202306;0.489151753
PIL - Italia (% t/t);202306;-0.194292458
Consumi privati - Italia (livello);202306;269121.4
Consumi privati - Italia (% a/a);202306;0.938416334
Consumi privati - Italia (% t/t);202306;0.833996826
Investimenti in macchinari - Italia (livello);202306;106565.3
Investimenti in macchinari - Italia (% a/a);202306;7.315542961
Investimenti in macchinari - Italia (% t/t);202306;-0.581034648
Tasso di disoccupazione - Italia;202306;7.7
Inflazione - Italia (% a/a);202306;7.828704037
Prezzi immobili (% a/a);202306;1.944954128
Brent;202306;77.73
EURUSD;202306;1.0888
S&P;202306;4450.38
Eurostoxx 50;202306;4399.09
Ftse Mib;202306;28230.83
SPREAD ITA GER;202307;1.665
Tasso BCE;202307;4.25
Tasso FED;202307;5.5
Euribor 3M;202307;3.672
€STR;202307;3.4022
Germania 10Y;202307;2.498
10Y ITA;202307;4.163
SPREAD ITA GER;202307;1.665
IRS 10Y;202307;3.1054
10Y USA;202307;4.14
PIL - USA (livello);202307;22780.9
PIL - USA (% a/a);202307;3.236083166
PIL - USA (% t/t);202307;1.071457093
Inflazione - USA (% a/a);202307;3.561764052
PIL - Area Euro (livello);202307;2820937.4
PIL - Area Euro (% a/a);202307;-0.008599239
PIL - Area Euro (% t/t);202307;0.048262565
Inflazione - Area Euro (% a/a);202307;4.962737127
PIL - Giappone (% a/a);202307;1.246378871
Inflazione - Giappone (% a/a);202307;3.2
PIL - Cina (% a/a);202307;4.882691312
Inflazione - Cina (% a/a);202307;-0.1
PIL - India (% a/a);202307;8.08
Inflazione - India (% a/a);202307;6.43
PIL - Italia (livello);202307;479832.3
PIL - Italia (% a/a);202307;0.136128386
PIL - Italia (% t/t);202307;0.213801506
Consumi privati - Italia (livello);202307;271380.0
Consumi privati - Italia (% a/a);202307;-0.284104688
Consumi privati - Italia (% t/t);202307;0.839249499
Investimenti in macchinari - Italia (livello);202307;108437.2
Investimenti in macchinari - Italia (% a/a);202307;8.939301239
Investimenti in macchinari - Italia (% t/t);202307;1.756575546
Tasso di disoccupazione - Italia;202307;7.72
Inflazione - Italia (% a/a);202307;5.768094959
Prezzi immobili (% a/a);202307;1.569916028
Brent;202307;85.92
EURUSD;202307;1.088
S&P;202307;4288.05
Eurostoxx 50;202307;4174.66
Ftse Mib;202307;29644.71
SPREAD ITA GER;202308;1.66
Tasso BCE;202308;4.25
Tasso FED;202308;5.5
Euribor 3M;202308;3.78
€STR;202308;3.6419
Germania 10Y;202308;2.575
10Y ITA;202308;4.235
SPREAD ITA GER;202308;1.66
IRS 10Y;202308;3.1687
10Y USA;202308;4.14
PIL - USA (livello);202308;22780.9
PIL - USA (% a/a);202308;3.236083166
PIL - USA (% t/t);202308;1.071457093
Inflazione - USA (% a/a);202308;3.561764052
PIL - Area Euro (livello);202308;2820937.4
PIL - Area Euro (% a/a);202308;-0.008599239
PIL - Area Euro (% t/t);202308;0.048262565
Inflazione - Area Euro (% a/a);202308;4.962737127
PIL - Giappone (% a/a);202308;1.246378871
Inflazione - Giappone (% a/a);202308;3.2
PIL - Cina (% a/a);202308;4.882691312
Inflazione - Cina (% a/a);202308;-0.1
PIL - India (% a/a);202308;8.08
Inflazione - India (% a/a);202308;6.43
PIL - Italia (livello);202308;479832.3
PIL - Italia (% a/a);202308;0.136128386
PIL - Italia (% t/t);202308;0.213801506
Consumi privati - Italia (livello);202308;271380.0
Consumi privati - Italia (% a/a);202308;-0.284104688
Consumi privati - Italia (% t/t);202308;0.839249499
Investimenti in macchinari - Italia (livello);202308;108437.2
Investimenti in macchinari - Italia (% a/a);202308;8.939301239
Investimenti in macchinari - Italia (% t/t);202308;1.756575546
Tasso di disoccupazione - Italia;202308;7.72
Inflazione - Italia (% a/a);202308;5.768094959
Prezzi immobili (% a/a);202308;1.569916028
Brent;202308;85.92
EURUSD;202308;1.088
S&P;202308;4288.05
Eurostoxx 50;202308;4174.66
Ftse Mib;202308;28831.52
SPREAD ITA GER;202309;1.798
Tasso BCE;202309;4.5
Tasso FED;202309;5.5
Euribor 3M;202309;3.88
€STR;202309;3.7466
Germania 10Y;202309;2.696
10Y ITA;202309;4.494
SPREAD ITA GER;202309;1.798
IRS 10Y;202309;3.2428
10Y USA;202309;4.14
PIL - USA (livello);202309;22780.9
PIL - USA (% a/a);202309;3.236083166
PIL - USA (% t/t);202309;1.071457093
Inflazione - USA (% a/a);202309;3.561764052
PIL - Area Euro (livello);202309;2820937.4
PIL - Area Euro (% a/a);202309;-0.008599239
PIL - Area Euro (% t/t);202309;0.048262565
Inflazione - Area Euro (% a/a);202309;4.962737127
PIL - Giappone (% a/a);202309;1.246378871
Inflazione - Giappone (% a/a);202309;3.2
PIL - Cina (% a/a);202309;4.882691312
Inflazione - Cina (% a/a);202309;-0.1
PIL - India (% a/a);202309;8.08
Inflazione - India (% a/a);202309;6.43
PIL - Italia (livello);202309;479832.3
PIL - Italia (% a/a);202309;0.136128386
PIL - Italia (% t/t);202309;0.213801506
Consumi privati - Italia (livello);202309;271380.0
Consumi privati - Italia (% a/a);202309;-0.284104688
Consumi privati - Italia (% t/t);202309;0.839249499
Investimenti in macchinari - Italia (livello);202309;108437.2
Investimenti in macchinari - Italia (% a/a);202309;8.939301239
Investimenti in macchinari - Italia (% t/t);202309;1.756575546
Tasso di disoccupazione - Italia;202309;7.72
Inflazione - Italia (% a/a);202309;5.768094959
Prezzi immobili (% a/a);202309;1.569916028
Brent;202309;85.92
EURUSD;202309;1.088
S&P;202309;4288.05
Eurostoxx 50;202309;4174.66
Ftse Mib;202309;28243.26
SPREAD ITA GER;202310;1.986
Tasso BCE;202310;4.5
Tasso FED;202310;5.5
Euribor 3M;202310;3.968
€STR;202310;3.9007
Germania 10Y;202310;2.847
10Y ITA;202310;4.833
SPREAD ITA GER;202310;1.986
IRS 10Y;202310;3.4085
10Y USA;202310;4.4388
PIL - USA (livello);202310;22960.6
PIL - USA (% a/a);202310;3.196026877
PIL - USA (% t/t);202310;0.788818703
Inflazione - USA (% a/a);202310;3.236150529
PIL - Area Euro (livello);202310;2822522.1
PIL - Area Euro (% a/a);202310;0.149604064
PIL - Area Euro (% t/t);202310;0.056176362
Inflazione - Area Euro (% a/a);202310;2.747662004
PIL - Giappone (% a/a);202310;0.942102155
Inflazione - Giappone (% a/a);202310;2.9
PIL - Cina (% a/a);202310;5.402942757
Inflazione - Cina (% a/a);202310;-0.3
PIL - India (% a/a);202310;8.57
Inflazione - India (% a/a);202310;5.37
PIL - Italia (livello);202310;479656.3
PIL - Italia (% a/a);202310;0.324783232
PIL - Italia (% t/t);202310;-0.036679482
Consumi privati - Italia (livello);202310;266707.6
Consumi privati - Italia (% a/a);202310;0.350558497
Consumi privati - Italia (% t/t);202310;-1.721718623
Investimenti in macchinari - Italia (livello);202310;110110.3
Investimenti in macchinari - Italia (% a/a);202310;9.17066806
Investimenti in macchinari - Italia (% t/t);202310;1.542920695
Tasso di disoccupazione - Italia;202310;7.44
Inflazione - Italia (% a/a);202310;1.004170711
Prezzi immobili (% a/a);202310;1.452432825
Brent;202310;82.85
EURUSD;202310;1.0764
S&P;202310;4769.83
Eurostoxx 50;202310;4521.44
Ftse Mib;202310;27741.91
SPREAD ITA GER;202311;1.81
Tasso BCE;202311;4.5
Tasso FED;202311;5.5
Euribor 3M;202311;3.972
€STR;202311;3.9017
Germania 10Y;202311;2.615
10Y ITA;202311;4.425
SPREAD ITA GER;202311;1.81
IRS 10Y;202311;3.1077
10Y USA;202311;4.4388
PIL - USA (livello);202311;22960.6
PIL - USA (% a/a);202311;3.196026877
PIL - USA (% t/t);202311;0.788818703
Inflazione - USA (% a/a);202311;3.236150529
PIL - Area Euro (livello);202311;2822522.1
PIL - Area Euro (% a/a);202311;0.149604064
PIL - Area Euro (% t/t);202311;0.056176362
Inflazione - Area Euro (% a/a);202311;2.747662004
PIL - Giappone (% a/a);202311;0.942102155
Inflazione - Giappone (% a/a);202311;2.9
PIL - Cina (% a/a);202311;5.402942757
Inflazione - Cina (% a/a);202311;-0.3
PIL - India (% a/a);202311;8.57
Inflazione - India (% a/a);202311;5.37
PIL - Italia (livello);202311;479656.3
PIL - Italia (% a/a);202311;0.324783232
PIL - Italia (% t/t);202311;-0.036679482
Consumi privati - Italia (livello);202311;266707.6
Consumi privati - Italia (% a/a);202311;0.350558497
Consumi privati - Italia (% t/t);202311;-1.721718623
Investimenti in macchinari - Italia (livello);202311;110110.3
Investimenti in macchinari - Italia (% a/a);202311;9.17066806
Investimenti in macchinari - Italia (% t/t);202311;1.542920695
Tasso di disoccupazione - Italia;202311;7.44
Inflazione - Italia (% a/a);202311;1.004170711
Prezzi immobili (% a/a);202311;1.452432825
Brent;202311;82.85
EURUSD;202311;1.0764
S&P;202311;4769.83
Eurostoxx 50;202311;4521.44
Ftse Mib;202311;29737.38
SPREAD ITA GER;202312;1.689
Tasso BCE;202312;4.5
Tasso FED;202312;5.5
Euribor 3M;202312;3.935
€STR;202312;3.9015
Germania 10Y;202312;2.112
10Y ITA;202312;3.801
SPREAD ITA GER;202312;1.689
IRS 10Y;202312;2.5994
10Y USA;202312;4.4388
PIL - USA (livello);202312;22960.6
PIL - USA (% a/a);202312;3.196026877
PIL - USA (% t/t);202312;0.788818703
Inflazione - USA (% a/a);202312;3.236150529
PIL - Area Euro (livello);202312;2822522.1
PIL - Area Euro (% a/a);202312;0.149604064
PIL - Area Euro (% t/t);202312;0.056176362
Inflazione - Area Euro (% a/a);202312;2.747662004
PIL - Giappone (% a/a);202312;0.942102155
Inflazione - Giappone (% a/a);202312;2.9
PIL - Cina (% a/a);202312;5.402942757
Inflazione - Cina (% a/a);202312;-0.3
PIL - India (% a/a);202312;8.57
Inflazione - India (% a/a);202312;5.37
PIL - Italia (livello);202312;479656.3
PIL - Italia (% a/a);202312;0.324783232
PIL - Italia (% t/t);202312;-0.036679482
Consumi privati - Italia (livello);202312;266707.6
Consumi privati - Italia (% a/a);202312;0.350558497
Consumi privati - Italia (% t/t);202312;-1.721718623
Investimenti in macchinari - Italia (livello);202312;110110.3
Investimenti in macchinari - Italia (% a/a);202312;9.17066806
Investimenti in macchinari - Italia (% t/t);202312;1.542920695
Tasso di disoccupazione - Italia;202312;7.44
Inflazione - Italia (% a/a);202312;1.004170711
Prezzi immobili (% a/a);202312;1.452432825
Brent;202312;82.85
EURUSD;202312;1.0764
S&P;202312;4769.83
Eurostoxx 50;202312;4521.44
Ftse Mib;202312;30351.62
SPREAD ITA GER;202401;1.591
Tasso BCE;202401;4.5
Tasso FED;202401;5.5
Euribor 3M;202401;3.925
€STR;202401;3.904
Germania 10Y;202401;2.22
10Y ITA;202401;3.811
SPREAD ITA GER;202401;1.591
IRS 10Y;202401;2.6408
10Y USA;202401;4.1456
PIL - USA (livello);202401;23053.5
PIL - USA (% a/a);202401;2.901791692
PIL - USA (% t/t);202401;0.404606151
Inflazione - USA (% a/a);202401;3.249192958
PIL - Area Euro (livello);202401;2831138.9
PIL - Area Euro (% a/a);202401;0.46227768
PIL - Area Euro (% t/t);202401;0.305287246
Inflazione - Area Euro (% a/a);202401;2.597295515
PIL - Giappone (% a/a);202401;-0.890512854
Inflazione - Giappone (% a/a);202401;2.566666667
PIL - Cina (% a/a);202401;5.092325047
Inflazione - Cina (% a/a);202401;0.0
PIL - India (% a/a);202401;7.76
Inflazione - India (% a/a);202401;5.01
PIL - Italia (livello);202401;481209.4
PIL - Italia (% a/a);202401;0.306144549
PIL - Italia (% t/t);202401;0.32379435
Consumi privati - Italia (livello);202401;267220.6
Consumi privati - Italia (% a/a);202401;0.121807974
Consumi privati - Italia (% t/t);202401;0.192345475
Investimenti in macchinari - Italia (livello);202401;109140.9
Investimenti in macchinari - Italia (% a/a);202401;1.821844029
Investimenti in macchinari - Italia (% t/t);202401;-0.880389936
Tasso di disoccupazione - Italia;202401;7.12
Inflazione - Italia (% a/a);202401;1.002506266
Prezzi immobili (% a/a);202401;1.591320072
Brent;202401;81.76
EURUSD;202401;1.0859
S&P;202401;5254.35
Eurostoxx 50;202401;5083.42
Ftse Mib;202401;30744.24
SPREAD ITA GER;202402;1.509
Tasso BCE;202402;4.5
Tasso FED;202402;5.5
Euribor 3M;202402;3.923
€STR;202402;3.9071
Germania 10Y;202402;2.366
10Y ITA;202402;3.875
SPREAD ITA GER;202402;1.509
IRS 10Y;202402;2.7245
10Y USA;202402;4.1456
PIL - USA (livello);202402;23053.5
PIL - USA (% a/a);202402;2.901791692
PIL - USA (% t/t);202402;0.404606151
Inflazione - USA (% a/a);202402;3.249192958
PIL - Area Euro (livello);202402;2831138.9
PIL - Area Euro (% a/a);202402;0.46227768
PIL - Area Euro (% t/t);202402;0.305287246
Inflazione - Area Euro (% a/a);202402;2.597295515
PIL - Giappone (% a/a);202402;-0.890512854
Inflazione - Giappone (% a/a);202402;2.566666667
PIL - Cina (% a/a);202402;5.092325047
Inflazione - Cina (% a/a);202402;0.0
PIL - India (% a/a);202402;7.76
Inflazione - India (% a/a);202402;5.01
PIL - Italia (livello);202402;481209.4
PIL - Italia (% a/a);202402;0.306144549
PIL - Italia (% t/t);202402;0.32379435
Consumi privati - Italia (livello);202402;267220.6
Consumi privati - Italia (% a/a);202402;0.121807974
Consumi privati - Italia (% t/t);202402;0.192345475
Investimenti in macchinari - Italia (livello);202402;109140.9
Investimenti in macchinari - Italia (% a/a);202402;1.821844029
Investimenti in macchinari - Italia (% t/t);202402;-0.880389936
Tasso di disoccupazione - Italia;202402;7.12
Inflazione - Italia (% a/a);202402;1.002506266
Prezzi immobili (% a/a);202402;1.591320072
Brent;202402;81.76
EURUSD;202402;1.0859
S&P;202402;5254.35
Eurostoxx 50;202402;5083.42
Ftse Mib;202402;32580.94
SPREAD ITA GER;202403;1.315
Tasso BCE;202403;4.5
Tasso FED;202403;5.5
Euribor 3M;202403;3.923
€STR;202403;3.9066
Germania 10Y;202403;2.359
10Y ITA;202403;3.674
SPREAD ITA GER;202403;1.315
IRS 10Y;202403;2.6429
10Y USA;202403;4.1456
PIL - USA (livello);202403;23053.5
PIL - USA (% a/a);202403;2.901791692
PIL - USA (% t/t);202403;0.404606151
Inflazione - USA (% a/a);202403;3.249192958
PIL - Area Euro (livello);202403;2831138.9
PIL - Area Euro (% a/a);202403;0.46227768
PIL - Area Euro (% t/t);202403;0.305287246
Inflazione - Area Euro (% a/a);202403;2.597295515
PIL - Giappone (% a/a);202403;-0.890512854
Inflazione - Giappone (% a/a);202403;2.566666667
PIL - Cina (% a/a);202403;5.092325047
Inflazione - Cina (% a/a);202403;0.0
PIL - India (% a/a);202403;7.76
Inflazione - India (% a/a);202403;5.01
PIL - Italia (livello);202403;481209.4
PIL - Italia (% a/a);202403;0.306144549
PIL - Italia (% t/t);202403;0.32379435
Consumi privati - Italia (livello);202403;267220.6
Consumi privati - Italia (% a/a);202403;0.121807974
Consumi privati - Italia (% t/t);202403;0.192345475
Investimenti in macchinari - Italia (livello);202403;109140.9
Investimenti in macchinari - Italia (% a/a);202403;1.821844029
Investimenti in macchinari - Italia (% t/t);202403;-0.880389936
Tasso di disoccupazione - Italia;202403;7.12
Inflazione - Italia (% a/a);202403;1.002506266
Prezzi immobili (% a/a);202403;1.591320072
Brent;202403;81.76
EURUSD;202403;1.0859
S&P;202403;5254.35
Eurostoxx 50;202403;5083.42
Ftse Mib;202403;34750.35
SPREAD ITA GER;202404;1.396
Tasso BCE;202404;4.5
Tasso FED;202404;5.5
Euribor 3M;202404;3.885
€STR;202404;3.9077
Germania 10Y;202404;2.47
10Y ITA;202404;3.866
SPREAD ITA GER;202404;1.396
IRS 10Y;202404;2.7653
10Y USA;202404;4.4446
PIL - USA (livello);202404;23223.9
PIL - USA (% a/a);202404;3.036904265
PIL - USA (% t/t);202404;0.739150237
Inflazione - USA (% a/a);202404;3.194310193
PIL - Area Euro (livello);202404;2836498.1
PIL - Area Euro (% a/a);202404;0.600143298
PIL - Area Euro (% t/t);202404;0.189294845
Inflazione - Area Euro (% a/a);202404;2.482758621
PIL - Giappone (% a/a);202404;-1.000242324
Inflazione - Giappone (% a/a);202404;2.7
PIL - Cina (% a/a);202404;4.883601462
Inflazione - Cina (% a/a);202404;0.3
PIL - India (% a/a);202404;6.7
Inflazione - India (% a/a);202404;4.9
PIL - Italia (livello);202404;481997.0
PIL - Italia (% a/a);202404;0.665902826
PIL - Italia (% t/t);202404;0.163670951
Consumi privati - Italia (livello);202404;268739.7
Consumi privati - Italia (% a/a);202404;-0.141831902
Consumi privati - Italia (% t/t);202404;0.568481622
Investimenti in macchinari - Italia (livello);202404;108650.0
Investimenti in macchinari - Italia (% a/a);202404;1.956265313
Investimenti in macchinari - Italia (% t/t);202404;-0.449785552
Tasso di disoccupazione - Italia;202404;6.74
Inflazione - Italia (% a/a);202404;0.904605263
Prezzi immobili (% a/a);202404;1.979841613
Brent;202404;85.03
EURUSD;202404;1.0767
S&P;202404;5460.48
Eurostoxx 50;202404;4894.02
Ftse Mib;202404;33746.66
SPREAD ITA GER;202405;1.312
Tasso BCE;202405;4.5
Tasso FED;202405;5.5
Euribor 3M;202405;3.813
€STR;202405;3.9069
Germania 10Y;202405;2.533
10Y ITA;202405;3.845
SPREAD ITA GER;202405;1.312
IRS 10Y;202405;2.8036
10Y USA;202405;4.4446
PIL - USA (livello);202405;23223.9
PIL - USA (% a/a);202405;3.036904265
PIL - USA (% t/t);202405;0.739150237
Inflazione - USA (% a/a);202405;3.194310193
PIL - Area Euro (livello);202405;2836498.1
PIL - Area Euro (% a/a);202405;0.600143298
PIL - Area Euro (% t/t);202405;0.189294845
Inflazione - Area Euro (% a/a);202405;2.482758621
PIL - Giappone (% a/a);202405;-1.000242324
Inflazione - Giappone (% a/a);202405;2.7
PIL - Cina (% a/a);202405;4.883601462
Inflazione - Cina (% a/a);202405;0.3
PIL - India (% a/a);202405;6.7
Inflazione - India (% a/a);202405;4.9
PIL - Italia (livello);202405;481997.0
PIL - Italia (% a/a);202405;0.665902826
PIL - Italia (% t/t);202405;0.163670951
Consumi privati - Italia (livello);202405;268739.7
Consumi privati - Italia (% a/a);202405;-0.141831902
Consumi privati - Italia (% t/t);202405;0.568481622
Investimenti in macchinari - Italia (livello);202405;108650.0
Investimenti in macchinari - Italia (% a/a);202405;1.956265313
Investimenti in macchinari - Italia (% t/t);202405;-0.449785552
Tasso di disoccupazione - Italia;202405;6.74
Inflazione - Italia (% a/a);202405;0.904605263
Prezzi immobili (% a/a);202405;1.979841613
Brent;202405;85.03
EURUSD;202405;1.0767
S&P;202405;5460.48
Eurostoxx 50;202405;4894.02
Ftse Mib;202405;34492.41
SPREAD ITA GER;202406;1.46
Tasso BCE;202406;4.25
Tasso FED;202406;5.5
Euribor 3M;202406;3.725
€STR;202406;3.7494
Germania 10Y;202406;2.485
10Y ITA;202406;3.945
SPREAD ITA GER;202406;1.46
IRS 10Y;202406;2.7896
10Y USA;202406;4.4446
PIL - USA (livello);202406;23223.9
PIL - USA (% a/a);202406;3.036904265
PIL - USA (% t/t);202406;0.739150237
Inflazione - USA (% a/a);202406;3.194310193
PIL - Area Euro (livello);202406;2836498.1
PIL - Area Euro (% a/a);202406;0.600143298
PIL - Area Euro (% t/t);202406;0.189294845
Inflazione - Area Euro (% a/a);202406;2.482758621
PIL - Giappone (% a/a);202406;-1.000242324
Inflazione - Giappone (% a/a);202406;2.7
PIL - Cina (% a/a);202406;4.883601462
Inflazione - Cina (% a/a);202406;0.3
PIL - India (% a/a);202406;6.7
Inflazione - India (% a/a);202406;4.9
PIL - Italia (livello);202406;481997.0
PIL - Italia (% a/a);202406;0.665902826
PIL - Italia (% t/t);202406;0.163670951
Consumi privati - Italia (livello);202406;268739.7
Consumi privati - Italia (% a/a);202406;-0.141831902
Consumi privati - Italia (% t/t);202406;0.568481622
Investimenti in macchinari - Italia (livello);202406;108650.0
Investimenti in macchinari - Italia (% a/a);202406;1.956265313
Investimenti in macchinari - Italia (% t/t);202406;-0.449785552
Tasso di disoccupazione - Italia;202406;6.74
Inflazione - Italia (% a/a);202406;0.904605263
Prezzi immobili (% a/a);202406;1.979841613
Brent;202406;85.03
EURUSD;202406;1.0767
S&P;202406;5460.48
Eurostoxx 50;202406;4894.02
Ftse Mib;202406;33154.05
SPREAD ITA GER;202407;1.345
Tasso BCE;202407;4.25
Tasso FED;202407;5.0
Euribor 3M;202407;3.685
€STR;202407;3.6626
Germania 10Y;202407;2.476
10Y ITA;202407;3.821
SPREAD ITA GER;202407;1.345
IRS 10Y;202407;2.7432
10Y USA;202407;3.9547
PIL - USA (livello);202407;23386.2
PIL - USA (% a/a);202407;2.657050424
PIL - USA (% t/t);202407;0.698849031
Inflazione - USA (% a/a);202407;2.640008801
PIL - Area Euro (livello);202407;2847238.8
PIL - Area Euro (% a/a);202407;0.932363831
PIL - Area Euro (% t/t);202407;0.378660574
Inflazione - Area Euro (% a/a);202407;2.162336614
PIL - Giappone (% a/a);202407;0.233271124
Inflazione - Giappone (% a/a);202407;2.766666667
PIL - Cina (% a/a);202407;4.263599877
Inflazione - Cina (% a/a);202407;0.5
PIL - India (% a/a);202407;5.4
Inflazione - India (% a/a);202407;4.24
PIL - Italia (livello);202407;481980.5
PIL - Italia (% a/a);202407;0.447698081
PIL - Italia (% t/t);202407;-0.003423258
Consumi privati - Italia (livello);202407;272488.7
Consumi privati - Italia (% a/a);202407;0.408541528
Consumi privati - Italia (% t/t);202407;1.39503021
Investimenti in macchinari - Italia (livello);202407;107296.0
Investimenti in macchinari - Italia (% a/a);202407;-1.05240637
Investimenti in macchinari - Italia (% t/t);202407;-1.246203405
Tasso di disoccupazione - Italia;202407;6.18
Inflazione - Italia (% a/a);202407;1.15990058
Prezzi immobili (% a/a);202407;2.084831057
Brent;202407;78.71
EURUSD;202407;1.0987
S&P;202407;5762.48
Eurostoxx 50;202407;5000.45
Ftse Mib;202407;33763.86
SPREAD ITA GER;202408;1.398
Tasso BCE;202408;4.25
Tasso FED;202408;5.0
Euribor 3M;202408;3.548
€STR;202408;3.6634
Germania 10Y;202408;2.233
10Y ITA;202408;3.631
SPREAD ITA GER;202408;1.398
IRS 10Y;202408;2.5059
10Y USA;202408;3.9547
PIL - USA (livello);202408;23386.2
PIL - USA (% a/a);202408;2.657050424
PIL - USA (% t/t);202408;0.698849031
Inflazione - USA (% a/a);202408;2.640008801
PIL - Area Euro (livello);202408;2847238.8
PIL - Area Euro (% a/a);202408;0.932363831
PIL - Area Euro (% t/t);202408;0.378660574
Inflazione - Area Euro (% a/a);202408;2.162336614
PIL - Giappone (% a/a);202408;0.233271124
Inflazione - Giappone (% a/a);202408;2.766666667
PIL - Cina (% a/a);202408;4.263599877
Inflazione - Cina (% a/a);202408;0.5
PIL - India (% a/a);202408;5.4
Inflazione - India (% a/a);202408;4.24
PIL - Italia (livello);202408;481980.5
PIL - Italia (% a/a);202408;0.447698081
PIL - Italia (% t/t);202408;-0.003423258
Consumi privati - Italia (livello);202408;272488.7
Consumi privati - Italia (% a/a);202408;0.408541528
Consumi privati - Italia (% t/t);202408;1.39503021
Investimenti in macchinari - Italia (livello);202408;107296.0
Investimenti in macchinari - Italia (% a/a);202408;-1.05240637
Investimenti in macchinari - Italia (% t/t);202408;-1.246203405
Tasso di disoccupazione - Italia;202408;6.18
Inflazione - Italia (% a/a);202408;1.15990058
Prezzi immobili (% a/a);202408;2.084831057
Brent;202408;78.71
EURUSD;202408;1.0987
S&P;202408;5762.48
Eurostoxx 50;202408;5000.45
Ftse Mib;202408;34372.67
SPREAD ITA GER;202409;1.385
Tasso BCE;202409;3.65
Tasso FED;202409;5.0
Euribor 3M;202409;3.434
€STR;202409;3.5565
Germania 10Y;202409;2.175
10Y ITA;202409;3.56
SPREAD ITA GER;202409;1.385
IRS 10Y;202409;2.4235
10Y USA;202409;3.9547
PIL - USA (livello);202409;23386.2
PIL - USA (% a/a);202409;2.657050424
PIL - USA (% t/t);202409;0.698849031
Inflazione - USA (% a/a);202409;2.640008801
PIL - Area Euro (livello);202409;2847238.8
PIL - Area Euro (% a/a);202409;0.932363831
PIL - Area Euro (% t/t);202409;0.378660574
Inflazione - Area Euro (% a/a);202409;2.162336614
PIL - Giappone (% a/a);202409;0.233271124
Inflazione - Giappone (% a/a);202409;2.766666667
PIL - Cina (% a/a);202409;4.263599877
Inflazione - Cina (% a/a);202409;0.5
PIL - India (% a/a);202409;5.4
Inflazione - India (% a/a);202409;4.24
PIL - Italia (livello);202409;481980.5
PIL - Italia (% a/a);202409;0.447698081
PIL - Italia (% t/t);202409;-0.003423258
Consumi privati - Italia (livello);202409;272488.7
Consumi privati - Italia (% a/a);202409;0.408541528
Consumi privati - Italia (% t/t);202409;1.39503021
Investimenti in macchinari - Italia (livello);202409;107296.0
Investimenti in macchinari - Italia (% a/a);202409;-1.05240637
Investimenti in macchinari - Italia (% t/t);202409;-1.246203405
Tasso di disoccupazione - Italia;202409;6.18
Inflazione - Italia (% a/a);202409;1.15990058
Prezzi immobili (% a/a);202409;2.084831057
Brent;202409;78.71
EURUSD;202409;1.0987
S&P;202409;5762.48
Eurostoxx 50;202409;5000.45
Ftse Mib;202409;34125.26
SPREAD ITA GER;202410;1.2592
Tasso BCE;202410;3.4
Tasso FED;202410;4.875
Euribor 3M;202410;3.167
€STR;202410;3.3375
Germania 10Y;202410;2.2458
10Y ITA;202410;3.505
SPREAD ITA GER;202410;1.2592
IRS 10Y;202410;2.42
10Y USA;202410;4.021
PIL - USA (livello);202410;23.15
PIL - USA (% a/a);202410;2.4
PIL - USA (% t/t);202410;0.5
Inflazione - USA (% a/a);202410;2.6
PIL - Area Euro (livello);202410;3.61
PIL - Area Euro (% a/a);202410;0.7
PIL - Area Euro (% t/t);202410;0.15
Inflazione - Area Euro (% a/a);202410;2.0
PIL - Giappone (% a/a);202410;0.7
Inflazione - Giappone (% a/a);202410;2.2
PIL - Cina (% a/a);202410;4.8
Inflazione - Cina (% a/a);202410;0.5
PIL - India (% a/a);202410;6.8
Inflazione - India (% a/a);202410;4.8
PIL - Italia (livello);202410;485.0
PIL - Italia (% a/a);202410;0.6
PIL - Italia (% t/t);202410;0.1
Consumi privati - Italia (livello);202410;295.0
Consumi privati - Italia (% a/a);202410;0.8
Consumi privati - Italia (% t/t);202410;0.1
Investimenti in macchinari - Italia (livello);202410;45.0
Investimenti in macchinari - Italia (% a/a);202410;1.8
Investimenti in macchinari - Italia (% t/t);202410;0.3
Tasso di disoccupazione - Italia;202410;7.6
Inflazione - Italia (% a/a);202410;1.8
Prezzi immobili (% a/a);202410;1.5
Brent;202410;75.32
EURUSD;202410;1.085
S&P;202410;5815.42
Eurostoxx 50;202410;4850.2
Ftse Mib;202410;34281.24
SPREAD ITA GER;202411;1.214
Tasso BCE;202411;3.4
Tasso FED;202411;4.625
Euribor 3M;202411;3.007
€STR;202411;3.164
Germania 10Y;202411;2.346
10Y ITA;202411;3.56
SPREAD ITA GER;202411;1.214
IRS 10Y;202411;2.4235
10Y USA;202411;3.924
PIL - USA (livello);202411;23.23
PIL - USA (% a/a);202411;2.3
PIL - USA (% t/t);202411;0.48
Inflazione - USA (% a/a);202411;2.52
PIL - Area Euro (livello);202411;3.62
PIL - Area Euro (% a/a);202411;0.75
PIL - Area Euro (% t/t);202411;0.18
Inflazione - Area Euro (% a/a);202411;2.05
PIL - Giappone (% a/a);202411;0.72
Inflazione - Giappone (% a/a);202411;2.25
PIL - Cina (% a/a);202411;4.7
Inflazione - Cina (% a/a);202411;0.57
PIL - India (% a/a);202411;6.75
Inflazione - India (% a/a);202411;4.7
PIL - Italia (livello);202411;486.0
PIL - Italia (% a/a);202411;0.65
PIL - Italia (% t/t);202411;0.12
Consumi privati - Italia (livello);202411;295.5
Consumi privati - Italia (% a/a);202411;0.82
Consumi privati - Italia (% t/t);202411;0.12
Investimenti in macchinari - Italia (livello);202411;45.2
Investimenti in macchinari - Italia (% a/a);202411;1.87
Investimenti in macchinari - Italia (% t/t);202411;0.32
Tasso di disoccupazione - Italia;202411;7.57
Inflazione - Italia (% a/a);202411;1.85
Prezzi immobili (% a/a);202411;1.57
Brent;202411;73.15
EURUSD;202411;1.079
S&P;202411;5920.15
Eurostoxx 50;202411;4920.15
Ftse Mib;202411;34125.26
SPREAD ITA GER;202412;1.689
Tasso BCE;202412;3.15
Tasso FED;202412;4.375
Euribor 3M;202412;2.825
€STR;202412;3.064
Germania 10Y;202412;2.112
10Y ITA;202412;3.801
SPREAD ITA GER;202412;1.689
IRS 10Y;202412;2.5059
10Y USA;202412;3.854
PIL - USA (livello);202412;23.32
PIL - USA (% a/a);202412;2.2
PIL - USA (% t/t);202412;0.45
Inflazione - USA (% a/a);202412;2.45
PIL - Area Euro (livello);202412;3.63
PIL - Area Euro (% a/a);202412;0.8
PIL - Area Euro (% t/t);202412;0.2
Inflazione - Area Euro (% a/a);202412;2.1
PIL - Giappone (% a/a);202412;0.75
Inflazione - Giappone (% a/a);202412;2.3
PIL - Cina (% a/a);202412;4.6
Inflazione - Cina (% a/a);202412;0.65
PIL - India (% a/a);202412;6.7
Inflazione - India (% a/a);202412;4.6
PIL - Italia (livello);202412;487.0
PIL - Italia (% a/a);202412;0.7
PIL - Italia (% t/t);202412;0.15
Consumi privati - Italia (livello);202412;296.0
Consumi privati - Italia (% a/a);202412;0.85
Consumi privati - Italia (% t/t);202412;0.15
Investimenti in macchinari - Italia (livello);202412;45.5
Investimenti in macchinari - Italia (% a/a);202412;1.95
Investimenti in macchinari - Italia (% t/t);202412;0.35
Tasso di disoccupazione - Italia;202412;7.55
Inflazione - Italia (% a/a);202412;1.9
Prezzi immobili (% a/a);202412;1.65
Brent;202412;71.4
EURUSD;202412;1.092
S&P;202412;6010.5
Eurostoxx 50;202412;5080.3
Ftse Mib;202412;34372.67
SPREAD ITA GER;202501;1.591
Tasso BCE;202501;3.15
Tasso FED;202501;4.375
Euribor 3M;202501;2.71
€STR;202501;2.919
Germania 10Y;202501;2.22
10Y ITA;202501;3.811
SPREAD ITA GER;202501;1.591
IRS 10Y;202501;2.7432
10Y USA;202501;3.75
PIL - USA (livello);202501;23.41
PIL - USA (% a/a);202501;2.15
PIL - USA (% t/t);202501;0.42
Inflazione - USA (% a/a);202501;2.4
PIL - Area Euro (livello);202501;3.64
PIL - Area Euro (% a/a);202501;0.82
PIL - Area Euro (% t/t);202501;0.22
Inflazione - Area Euro (% a/a);202501;2.14
PIL - Giappone (% a/a);202501;0.77
Inflazione - Giappone (% a/a);202501;2.34
PIL - Cina (% a/a);202501;4.56
Inflazione - Cina (% a/a);202501;0.72
PIL - India (% a/a);202501;6.67
Inflazione - India (% a/a);202501;4.53
PIL - Italia (livello);202501;487.6
PIL - Italia (% a/a);202501;0.73
PIL - Italia (% t/t);202501;0.17
Consumi privati - Italia (livello);202501;296.3
Consumi privati - Italia (% a/a);202501;0.87
Consumi privati - Italia (% t/t);202501;0.15
Investimenti in macchinari - Italia (livello);202501;45.7
Investimenti in macchinari - Italia (% a/a);202501;2.0
Investimenti in macchinari - Italia (% t/t);202501;0.37
Tasso di disoccupazione - Italia;202501;7.53
Inflazione - Italia (% a/a);202501;1.97
Prezzi immobili (% a/a);202501;1.71
Brent;202501;72.85
EURUSD;202501;1.104
S&P;202501;6085.2
Eurostoxx 50;202501;5120.45
Ftse Mib;202501;33763.86
SPREAD ITA GER;202502;1.509
Tasso BCE;202502;2.9
Tasso FED;202502;4.125
Euribor 3M;202502;2.53
€STR;202502;2.691
Germania 10Y;202502;2.366
10Y ITA;202502;3.875
SPREAD ITA GER;202502;1.509
IRS 10Y;202502;2.7896
10Y USA;202502;3.68
PIL - USA (livello);202502;23.46
PIL - USA (% a/a);202502;2.12
PIL - USA (% t/t);202502;0.41
Inflazione - USA (% a/a);202502;2.35
PIL - Area Euro (livello);202502;3.648
PIL - Area Euro (% a/a);202502;0.86
PIL - Area Euro (% t/t);202502;0.23
Inflazione - Area Euro (% a/a);202502;2.18
PIL - Giappone (% a/a);202502;0.79
Inflazione - Giappone (% a/a);202502;2.38
PIL - Cina (% a/a);202502;4.53
Inflazione - Cina (% a/a);202502;0.76
PIL - India (% a/a);202502;6.63
Inflazione - India (% a/a);202502;4.47
PIL - Italia (livello);202502;488.3
PIL - Italia (% a/a);202502;0.77
PIL - Italia (% t/t);202502;0.18
Consumi privati - Italia (livello);202502;296.7
Consumi privati - Italia (% a/a);202502;0.88
Consumi privati - Italia (% t/t);202502;0.15
Investimenti in macchinari - Italia (livello);202502;45.8
Investimenti in macchinari - Italia (% a/a);202502;2.05
Investimenti in macchinari - Italia (% t/t);202502;0.38
Tasso di disoccupazione - Italia;202502;7.52
Inflazione - Italia (% a/a);202502;2.03
Prezzi immobili (% a/a);202502;1.76
Brent;202502;74.12
EURUSD;202502;1.112
S&P;202502;6140.75
Eurostoxx 50;202502;5180.2
Ftse Mib;202502;33154.05
SPREAD ITA GER;202503;1.315
Tasso BCE;202503;2.65
Tasso FED;202503;3.875
Euribor 3M;202503;2.44
€STR;202503;2.499
Germania 10Y;202503;2.359
10Y ITA;202503;3.674
SPREAD ITA GER;202503;1.315
IRS 10Y;202503;2.8036
10Y USA;202503;3.62
PIL - USA (livello);202503;23.51
PIL - USA (% a/a);202503;2.1
PIL - USA (% t/t);202503;0.4
Inflazione - USA (% a/a);202503;2.3
PIL - Area Euro (livello);202503;3.655
PIL - Area Euro (% a/a);202503;0.9
PIL - Area Euro (% t/t);202503;0.25
Inflazione - Area Euro (% a/a);202503;2.2
PIL - Giappone (% a/a);202503;0.8
Inflazione - Giappone (% a/a);202503;2.4
PIL - Cina (% a/a);202503;4.5
Inflazione - Cina (% a/a);202503;0.8
PIL - India (% a/a);202503;6.6
Inflazione - India (% a/a);202503;4.4
PIL - Italia (livello);202503;489.0
PIL - Italia (% a/a);202503;0.8
PIL - Italia (% t/t);202503;0.2
Consumi privati - Italia (livello);202503;297.0
Consumi privati - Italia (% a/a);202503;0.9
Consumi privati - Italia (% t/t);202503;0.15
Investimenti in macchinari - Italia (livello);202503;46.0
Investimenti in macchinari - Italia (% a/a);202503;2.1
Investimenti in macchinari - Italia (% t/t);202503;0.4
Tasso di disoccupazione - Italia;202503;7.5
Inflazione - Italia (% a/a);202503;2.1
Prezzi immobili (% a/a);202503;1.8
Brent;202503;75.5
EURUSD;202503;1.118
S&P;202503;6210.3
Eurostoxx 50;202503;5210.3
Ftse Mib;202503;34492.41
SPREAD ITA GER;202504;1.396
Tasso BCE;202504;2.4
Tasso FED;202504;3.875
Euribor 3M;202504;2.25
€STR;202504;2.341
Germania 10Y;202504;2.47
10Y ITA;202504;3.866
SPREAD ITA GER;202504;1.396
IRS 10Y;202504;2.7653
10Y USA;202504;3.55
PIL - USA (livello);202504;23.59
PIL - USA (% a/a);202504;2.05
PIL - USA (% t/t);202504;0.38
Inflazione - USA (% a/a);202504;2.25
PIL - Area Euro (livello);202504;3.662
PIL - Area Euro (% a/a);202504;0.93
PIL - Area Euro (% t/t);202504;0.25
Inflazione - Area Euro (% a/a);202504;2.18
PIL - Giappone (% a/a);202504;0.8
Inflazione - Giappone (% a/a);202504;2.38
PIL - Cina (% a/a);202504;4.47
Inflazione - Cina (% a/a);202504;0.87
PIL - India (% a/a);202504;6.57
Inflazione - India (% a/a);202504;4.34
PIL - Italia (livello);202504;489.7
PIL - Italia (% a/a);202504;0.82
PIL - Italia (% t/t);202504;0.2
Consumi privati - Italia (livello);202504;297.3
Consumi privati - Italia (% a/a);202504;0.9
Consumi privati - Italia (% t/t);202504;0.17
Investimenti in macchinari - Italia (livello);202504;46.2
Investimenti in macchinari - Italia (% a/a);202504;2.12
Investimenti in macchinari - Italia (% t/t);202504;0.42
Tasso di disoccupazione - Italia;202504;7.48
Inflazione - Italia (% a/a);202504;2.07
Prezzi immobili (% a/a);202504;1.83
Brent;202504;76.9
EURUSD;202504;1.125
S&P;202504;6275.4
Eurostoxx 50;202504;5275.4
Ftse Mib;202504;33746.66
SPREAD ITA GER;202505;1.312
Tasso BCE;202505;2.4
Tasso FED;202505;3.625
Euribor 3M;202505;2.09
€STR;202505;2.169
Germania 10Y;202505;2.533
10Y ITA;202505;3.845
SPREAD ITA GER;202505;1.312
IRS 10Y;202505;2.6429
10Y USA;202505;3.5
PIL - USA (livello);202505;23.64
PIL - USA (% a/a);202505;1.95
PIL - USA (% t/t);202505;0.36
Inflazione - USA (% a/a);202505;2.22
PIL - Area Euro (livello);202505;3.671
PIL - Area Euro (% a/a);202505;0.97
PIL - Area Euro (% t/t);202505;0.25
Inflazione - Area Euro (% a/a);202505;2.17
PIL - Giappone (% a/a);202505;0.8
Inflazione - Giappone (% a/a);202505;2.37
PIL - Cina (% a/a);202505;4.43
Inflazione - Cina (% a/a);202505;0.93
PIL - India (% a/a);202505;6.53
Inflazione - India (% a/a);202505;4.27
PIL - Italia (livello);202505;490.3
PIL - Italia (% a/a);202505;0.84
PIL - Italia (% t/t);202505;0.2
Consumi privati - Italia (livello);202505;297.7
Consumi privati - Italia (% a/a);202505;0.9
Consumi privati - Italia (% t/t);202505;0.18
Investimenti in macchinari - Italia (livello);202505;46.3
Investimenti in macchinari - Italia (% a/a);202505;2.14
Investimenti in macchinari - Italia (% t/t);202505;0.43
Tasso di disoccupazione - Italia;202505;7.47
Inflazione - Italia (% a/a);202505;2.03
Prezzi immobili (% a/a);202505;1.87
Brent;202505;78.2
EURUSD;202505;1.122
S&P;202505;6320.1
Eurostoxx 50;202505;5310.1
Ftse Mib;202505;34750.35
SPREAD ITA GER;202506;1.46
Tasso BCE;202506;2.15
Tasso FED;202506;3.375
Euribor 3M;202506;1.98
€STR;202506;2.007
Germania 10Y;202506;2.485
10Y ITA;202506;3.945
SPREAD ITA GER;202506;1.46
IRS 10Y;202506;2.7245
10Y USA;202506;3.45
PIL - USA (livello);202506;23.68
PIL - USA (% a/a);202506;1.9
PIL - USA (% t/t);202506;0.35
Inflazione - USA (% a/a);202506;2.2
PIL - Area Euro (livello);202506;3.68
PIL - Area Euro (% a/a);202506;1.0
PIL - Area Euro (% t/t);202506;0.25
Inflazione - Area Euro (% a/a);202506;2.15
PIL - Giappone (% a/a);202506;0.8
Inflazione - Giappone (% a/a);202506;2.35
PIL - Cina (% a/a);202506;4.4
Inflazione - Cina (% a/a);202506;1.0
PIL - India (% a/a);202506;6.5
Inflazione - India (% a/a);202506;4.2
PIL - Italia (livello);202506;491.0
PIL - Italia (% a/a);202506;0.85
PIL - Italia (% t/t);202506;0.2
Consumi privati - Italia (livello);202506;298.0
Consumi privati - Italia (% a/a);202506;0.9
Consumi privati - Italia (% t/t);202506;0.2
Investimenti in macchinari - Italia (livello);202506;46.5
Investimenti in macchinari - Italia (% a/a);202506;2.15
Investimenti in macchinari - Italia (% t/t);202506;0.45
Tasso di disoccupazione - Italia;202506;7.45
Inflazione - Italia (% a/a);202506;2.0
Prezzi immobili (% a/a);202506;1.9
Brent;202506;77.4
EURUSD;202506;1.118
S&P;202506;6280.45
Eurostoxx 50;202506;5120.45
Ftse Mib;202506;32580.94
SPREAD ITA GER;202507;1.345
Tasso BCE;202507;2.15
Tasso FED;202507;3.375
Euribor 3M;202507;1.99
€STR;202507;1.922
Germania 10Y;202507;2.476
10Y ITA;202507;3.821
SPREAD ITA GER;202507;1.345
IRS 10Y;202507;2.6408
10Y USA;202507;3.42
PIL - USA (livello);202507;23.74
PIL - USA (% a/a);202507;1.88
PIL - USA (% t/t);202507;0.33
Inflazione - USA (% a/a);202507;2.18
PIL - Area Euro (livello);202507;3.692
PIL - Area Euro (% a/a);202507;1.03
PIL - Area Euro (% t/t);202507;0.27
Inflazione - Area Euro (% a/a);202507;2.11
PIL - Giappone (% a/a);202507;0.8
Inflazione - Giappone (% a/a);202507;2.31
PIL - Cina (% a/a);202507;4.37
Inflazione - Cina (% a/a);202507;1.08
PIL - India (% a/a);202507;6.47
Inflazione - India (% a/a);202507;4.17
PIL - Italia (livello);202507;492.0
PIL - Italia (% a/a);202507;0.87
PIL - Italia (% t/t);202507;0.22
Consumi privati - Italia (livello);202507;298.3
Consumi privati - Italia (% a/a);202507;0.92
Consumi privati - Italia (% t/t);202507;0.2
Investimenti in macchinari - Italia (livello);202507;46.7
Investimenti in macchinari - Italia (% a/a);202507;2.17
Investimenti in macchinari - Italia (% t/t);202507;0.47
Tasso di disoccupazione - Italia;202507;7.43
Inflazione - Italia (% a/a);202507;1.98
Prezzi immobili (% a/a);202507;1.93
Brent;202507;76.15
EURUSD;202507;1.115
S&P;202507;6220.15
Eurostoxx 50;202507;5080.15
Ftse Mib;202507;30351.62
SPREAD ITA GER;202508;1.398
Tasso BCE;202508;2.15
Tasso FED;202508;3.125
Euribor 3M;202508;2.02
€STR;202508;1.924
Germania 10Y;202508;2.233
10Y ITA;202508;3.631
SPREAD ITA GER;202508;1.398
IRS 10Y;202508;2.5994
10Y USA;202508;3.4
PIL - USA (livello);202508;23.79
PIL - USA (% a/a);202508;1.85
PIL - USA (% t/t);202508;0.31
Inflazione - USA (% a/a);202508;2.16
PIL - Area Euro (livello);202508;3.701
PIL - Area Euro (% a/a);202508;1.07
PIL - Area Euro (% t/t);202508;0.28
Inflazione - Area Euro (% a/a);202508;2.08
PIL - Giappone (% a/a);202508;0.8
Inflazione - Giappone (% a/a);202508;2.28
PIL - Cina (% a/a);202508;4.33
Inflazione - Cina (% a/a);202508;1.14
PIL - India (% a/a);202508;6.43
Inflazione - India (% a/a);202508;4.13
PIL - Italia (livello);202508;493.0
PIL - Italia (% a/a);202508;0.88
PIL - Italia (% t/t);202508;0.23
Consumi privati - Italia (livello);202508;298.7
Consumi privati - Italia (% a/a);202508;0.93
Consumi privati - Italia (% t/t);202508;0.2
Investimenti in macchinari - Italia (livello);202508;46.8
Investimenti in macchinari - Italia (% a/a);202508;2.18
Investimenti in macchinari - Italia (% t/t);202508;0.48
Tasso di disoccupazione - Italia;202508;7.42
Inflazione - Italia (% a/a);202508;1.97
Prezzi immobili (% a/a);202508;1.97
Brent;202508;75.8
EURUSD;202508;1.109
S&P;202508;6150.8
Eurostoxx 50;202508;4950.8
Ftse Mib;202508;29737.38
SPREAD ITA GER;202509;1.385
Tasso BCE;202509;2.15
Tasso FED;202509;3.125
Euribor 3M;202509;2.03
€STR;202509;1.925
Germania 10Y;202509;2.175
10Y ITA;202509;3.56
SPREAD ITA GER;202509;1.385
IRS 10Y;202509;2.5994
10Y USA;202509;3.38
PIL - USA (livello);202509;23.85
PIL - USA (% a/a);202509;1.8
PIL - USA (% t/t);202509;0.3
Inflazione - USA (% a/a);202509;2.15
PIL - Area Euro (livello);202509;3.71
PIL - Area Euro (% a/a);202509;1.1
PIL - Area Euro (% t/t);202509;0.3
Inflazione - Area Euro (% a/a);202509;2.05
PIL - Giappone (% a/a);202509;0.8
Inflazione - Giappone (% a/a);202509;2.25
PIL - Cina (% a/a);202509;4.3
Inflazione - Cina (% a/a);202509;1.2
PIL - India (% a/a);202509;6.4
Inflazione - India (% a/a);202509;4.1
PIL - Italia (livello);202509;494.0
PIL - Italia (% a/a);202509;0.9
PIL - Italia (% t/t);202509;0.25
Consumi privati - Italia (livello);202509;299.0
Consumi privati - Italia (% a/a);202509;0.95
Consumi privati - Italia (% t/t);202509;0.2
Investimenti in macchinari - Italia (livello);202509;47.0
Investimenti in macchinari - Italia (% a/a);202509;2.2
Investimenti in macchinari - Italia (% t/t);202509;0.5
Tasso di disoccupazione - Italia;202509;7.4
Inflazione - Italia (% a/a);202509;1.95
Prezzi immobili (% a/a);202509;2.0
Brent;202509;75.25
EURUSD;202509;1.105
S&P;202509;6095.4
Eurostoxx 50;202509;4980.1
Ftse Mib;202509;27741.91
